focal_reach,stream_order,Year_2015,Year_2016,Year_2017,Year_2018,Year_2019,Year_2021
1165,5,0.02141063721324929,0.020374486253349828,0.02364873089203952,0.027451345131060265,0.02747158409606267,0.00348923449910127
1360,5,0.06957554793643242,0.06747469502404149,0.07751441901658945,0.08066345340051279,0.08874727196251622,0.009844234129797456
1471,5,0,0,0,0,0,0
1512,5,0.017123855223049454,0.01631852361165591,0.018940876144551207,0.022057532017319383,0.021992205033178613,0.00280564819861754
1516,5,0.08914524661744798,0.08776327640174134,0.09897888784273427,0.09271516422004576,0.11374110471124431,0.01064309655882049
1578,5,0.007933274059574693,0.0078024158391955395,0.008634061838436048,0.007596343387740324,0.01015347009705727,8.211550555166252e-4
1661,5,0,0,0,0,0,0
1749,5,0.017091664714036864,0.016782633003304032,0.018421604258558263,0.01580308402502919,0.021904452869106805,0.0016604551212906116
1847,5,0.32899393706778457,0.3217632692117731,0.3732376817030145,0.3845071328091646,0.41753772446189596,0.04744348574517756
2090,5,0.0366867607199861,0.03405335491096735,0.03901799184409223,0.0528744324673211,0.04832621198790651,0.006843798964282667
2142,5,0.02239064101734979,0.021622503769803965,0.025300892157629734,0.027587682089170246,0.028421782640664913,0.003490511160777728
2167,5,0.10583819465920534,0.10390766172143705,0.11402077332941496,0.09767820733780495,0.1356322178159945,0.010248425400983729
2212,5,0.01891731763006042,0.01767644740323851,0.020569891405938834,0.02632797413950833,0.02451788230892506,0.0034256792679584324
2252,5,0,0,0,0,0,0
2284,5,0,0,0,0,0,0
2397,5,0,0,0,0,0,0
2478,5,0.07440833063618225,0.07122370145738743,0.08341527857127047,0.09457524959137663,0.09477227139086074,0.012085228573465431
2589,5,0.028164296465630442,0.026709785512846678,0.03161908151991756,0.03693671906971603,0.03574037278453417,0.004806608520455299
2636,5,0.08080041947620724,0.07595207632372163,0.09047243526057457,0.10819619349526699,0.10235477859024235,0.014236530862449808
2802,5,0,0,0,0,0,0
2881,5,0,0,0,0,0,0
2900,5,0.04893424418668069,0.046378060384600496,0.05496041647225506,0.06426513879071608,0.062060095948974416,0.00837376027029522
2983,5,0.009216571342235491,0.008724313631686718,0.01033454051840359,0.012153065074633517,0.011698919945975923,0.001584700872410307
3054,5,0.03781758857913995,0.03676952712564805,0.042741663443073084,0.045119250966484746,0.048038222185218055,0.005617626966461097
3085,5,0.016760072839535463,0.01605616391663755,0.018854050581391647,0.02124217603188719,0.021297243548396887,0.002718933272545986
3086,5,0.004562362942210071,0.004441258980691206,0.005149521882783409,0.00539158721787656,0.00579888128638611,6.676634127500764e-4
3099,5,0,0,0,0,0,0
3154,5,0.19405924025695515,0.18205815371140344,0.2129114062924144,0.2655231782437395,0.24998910479964426,0.034557192999881095
3288,5,0,0,0,0,0,0
3326,5,0.054521283122097766,0.05248873757968737,0.06182387998378933,0.0682085591229146,0.06900934666919246,0.008719625810773263
3376,5,0,0,0,0,0,0
3394,5,0.0442355564364184,0.04280794384507893,0.05030062847584347,0.054391369418648645,0.05596567779415889,0.006902131028014106
3690,5,0.18959510096093465,0.1818645952028113,0.21300368664582187,0.23878420688521804,0.24117294377142065,0.030438105257345038
3707,5,0.08199839594861426,0.07625905082996075,0.09146209246053687,0.11175200632799472,0.10359786828823786,0.014867560397532021
3716,5,0.1536091498615838,0.14698242879910062,0.17279220234445702,0.1957218128899171,0.19517082081641338,0.025113438085710125
3781,5,0,0,0,0,0,0
3928,5,1.5450839051136349e-4,1.4936608632457266e-4,1.754663340947459e-4,1.9054013618042694e-4,1.9558818648505782e-4,2.4196216969863293e-5
3954,5,0,0,0,0,0,0
4128,5,0.03665567924120052,0.035175156978052714,0.04151516672675219,0.04635031606777119,0.046391148114527936,0.005954525205057557
4196,5,0.08205543062425388,0.08016564828238475,0.08718019748748848,0.07268446493197109,0.1052138354071291,0.007362300156847465
4224,5,0.03495844828214762,0.028941180213888806,0.029914979479430746,0.020526284121989993,0.042851071449204574,0.001324538145560527
4298,5,0.3702952970376293,0.350134719309977,0.42210025763826164,0.47839469750921526,0.46260421625431114,0.06301280712309122
4324,5,0,0,0,0,0,0
4536,5,0,0,0,0,0,0
4657,5,0.00871838516405304,0.008449286926110789,0.009903258029637685,0.010647890908771761,0.011041272045508201,0.0013454023442154106
4721,5,0.10886264171378833,0.10541937110652719,0.12354795141778824,0.1331801789282202,0.13790449898856383,0.016836046424713064
4774,5,0.22981182657012314,0.21198357373612367,0.25313398772867735,0.3204958023263804,0.2922509372439581,0.042748307069553765
4864,5,0.016382813753719003,0.016266205638834765,0.012684935963860614,0.014458536768037817,0.014807857461445622,0.015311747752033575
5025,5,0.356293790860634,0.313943842460084,0.21976541364257168,0.2838117445641365,0.31290069041907415,0.20247263371535318
5079,5,0.4276431421608885,0.36524785744331945,0.24995687712560988,0.316350014240129,0.3606907883610155,0.19860625789082176
5134,5,0,0,0,0,0,0
5202,5,0.8073994541710461,0.7489381671981609,0.8993831965066501,1.0630833729349574,1.0127820379742691,0.14054565890996323
5277,5,0.04093362354943858,0.03790191240920195,0.044312325013353984,0.05781223552765182,0.0529604933083892,0.007585169343337881
5285,5,0,0,0,0,0,0
5440,5,0.01729287933875756,0.016507252919440923,0.019462337984811326,0.022224866662059976,0.021950130991600675,0.0028659514946443596
5542,5,0,0,0,0,0,0
5570,5,0,0,0,0,0,0
5696,5,0.3560526193985739,0.33202126639823265,0.4035735522670319,0.474142185850286,0.4439229690529442,0.06341868335163543
5745,5,0.13812740393397216,0.14621757068682284,0.16256033229084213,0.1328722452959907,0.12076356108166868,0.23694460742589765
5810,5,0.15069209097430272,0.1447239043838987,0.10848554682601315,0.13053923725489217,0.1364328913455763,0.12246528442612621
5890,5,0,0,0,0,0,0
5897,5,0.009722944359164157,0.009072698514694914,0.010597730225125782,0.01355067190745974,0.012570022625385232,0.0017684674689445847
5938,5,0.07762426850423051,0.07425121929802773,0.08779037220915765,0.09911542123577874,0.09823696873951437,0.012788961199351303
5957,5,0.028140432558775578,0.022905228910861317,0.023233628170271414,0.015418362801602954,0.034676637389357404,8.632741303168896e-4
6097,5,0,0,0,0,0,0
6135,5,0.07936168947922385,0.07707358430702546,0.09373624733678076,0.09530100347109581,0.09751529322174084,0.012370232501876232
6142,5,0.16374658012586213,0.170972989617407,0.14107428921537002,0.14601410307960747,0.1453077571119199,0.18541297743484708
6164,5,0.06961717311354923,0.07583883410589881,0.06008270387126498,0.06285445325109512,0.06222713707420498,0.07550344049679697
6191,5,0.39012307118432177,0.3981737170183115,0.3694976484109356,0.35838227686797935,0.3510987773458284,0.491128768311185
6192,5,0.08777459746149222,0.08363925736981101,0.09882391591371852,0.11347337530206454,0.1113250617254767,0.01468394620001663
6221,5,0.3835095259819102,0.3587264925054112,0.26137366130572537,0.3248210971971567,0.34488330923996685,0.2822078628294802
6265,5,0.42992722875636386,0.39608583661296365,0.27640031185717356,0.38301901082045575,0.4065207369385931,0.28223409117253107
6296,5,0.1262619420737044,0.11905274610715073,0.14422682079046517,0.1642112530010641,0.15729265698050932,0.021759100969095935
6326,5,0,0,0,0,0,0
6352,5,0.13889223533791972,0.12098243452476104,0.08136244463069087,0.11424428640277519,0.12578820877060917,0.07275143080823539
6417,5,0.006822357664953384,0.006340382835438579,0.007510166846401802,0.009494977626873392,0.00872692598197127,0.0012555929799928961
6431,5,0.31458018272833116,0.2928684328925904,0.3574860327127838,0.4187726872117347,0.39101381066880575,0.05618828851232026
6497,5,0.048827136633633944,0.05052301226076467,0.04294585648893407,0.042451229336500494,0.042226423028596125,0.05779200019921355
6535,5,0.2894349596408651,0.2739112812386492,0.194063397331976,0.2707270236376119,0.2832258184114913,0.2012048253426372
6581,5,0.17362305636892472,0.16104763461209673,0.19121948712063314,0.24042480897279905,0.2214945746591463,0.031818365261688526
6618,5,0.16941921932766146,0.1623740129225403,0.12327141260314611,0.14649616994611278,0.15291482147984786,0.1397681204226291
6787,5,0.03040468282118795,0.03460935284261333,0.0314406565354815,0.025088094783531037,0.02370897478823229,0.049257460420565474
6875,5,0.16339361252323978,0.15801773404494387,0.18690807681479857,0.20234829833120832,0.20589276194329462,0.025877097934678853
7119,5,0.1339128218352716,0.15022216376317357,0.13001264627762768,0.11381193436269074,0.1094942499399586,0.19011810233513948
7172,5,0.016219284332950026,0.015635053567527174,0.018514133953691184,0.02023831154225144,0.020440461434669613,0.0025971258582394505
7268,5,0.21532604158938243,0.23091500606258944,0.20516524120936472,0.19288038581758662,0.18678570977847447,0.2855277942907995
7296,5,0.4686360402861173,0.3933303493426274,0.253705751463199,0.38557321800492883,0.42830405375335917,0.2174550924365663
7329,5,8.714988770877242e-5,8.332120810170112e-5,9.860293336891868e-5,1.1147113615044671e-4,1.1024357593691548e-4,1.4401409924107532e-5
7341,5,0.16427770965397046,0.15316376123365574,0.27405743338049354,0.21205818536477802,0.17717511705475308,0.3449153039850609
7343,5,0.0637729738547616,0.06092650507656018,0.07212806269445357,0.08174879864377792,0.08067294828604626,0.010571469912493334
7357,5,0,0,0,0,0,0
7494,5,0.2004118017396969,0.19708658274571697,0.3096093997561425,0.23716178680709749,0.19785483302481233,0.4178354514291606
7502,5,0.2681575557494093,0.24989542533094014,0.2942345690236945,0.36332778047245545,0.3430285967314661,0.04752314160974963
7696,5,0.10999964872377573,0.1024476659931656,0.12128792903620404,0.15241280363224066,0.1406776154437788,0.020118002670207573
7728,5,0.08546883646616735,0.08379213560902743,0.06149783647759012,0.07784618848513364,0.08054097851512357,0.06842067266903612
7807,5,0.06128858916848488,0.06350442687605204,0.06940651432717404,0.05663474564620945,0.07944904752610452,0.005826773170912981
7868,5,0,0,0,0,0,0
7895,5,0.10817081442141024,0.10914988817612509,0.11269326326328487,0.08507967501942165,0.14329463282500918,0.007231902802347961
7913,5,0.19441940362110724,0.18519802006229102,0.3391060006665126,0.25788539584115733,0.20718049851485765,0.4264809490909475
8056,5,0.06256189923164643,0.05880171292900658,0.06981165577222881,0.0841309556550528,0.0794969878740571,0.011049255539017202
8129,5,0.03404449533075925,0.034650038040014576,0.03884440924369524,0.03402525796266779,0.04359982038065554,0.003784879974160866
8192,5,0.10101430156647041,0.10511427762719752,0.1317056929313463,0.10198102103769814,0.08968135189999502,0.19407768390891472
8463,5,0.09207187385097919,0.08806103199222619,0.0633263082324292,0.08333510691429093,0.08712375649486098,0.06789251805267744
8534,5,0.05036300897450263,0.04391822705007724,0.10053366351670213,0.07756047860401201,0.06138647284303298,0.11407504244268837
8577,5,0.3226399401960084,0.3248560917665925,0.37553428303656317,0.3539907369295171,0.40760508635686005,0.04233279088430251
8704,5,0.0418340198136792,0.029624229036821985,0.07987776485364856,0.06190350853359928,0.055996670508750276,0.09121082724995144
8869,5,0.45078526111937756,0.43327802958729916,0.41083839865864596,0.43011217555870945,0.4229558698726035,0.48156161233847783
8944,5,0.2608681693349453,0.2574596383483004,0.36718682024778065,0.2929436909862771,0.25192874165625145,0.4997043915683031
9126,5,0.09127519459699637,0.09954203064346569,0.09676334991829329,0.0813703720927554,0.07644474434030787,0.14459260365682916
9208,5,0.02554369974063528,0.020715523703754807,0.055972362653122734,0.04371487962184132,0.03468017736609157,0.05815652830123444
9349,5,0.03425505623606312,0.03421348166197329,0.050149766706454615,0.03786126057753255,0.0320952580022104,0.0720671848006745
9600,5,0.2616170261564878,0.27030344224900393,0.30276001370451977,0.25938300906819,0.33512769182260377,0.02854718822276026
9796,5,0.04692617398691689,0.04360041578740239,0.050315986422792815,0.06729559742922638,0.061464592916297085,0.00875229082746081
9798,5,0.5848516490953636,0.5890362197668549,0.8247254672780362,0.6364705952585273,0.5461486765083776,1.172536705964837
9871,5,0.6231480267912508,0.6488005627486864,0.5802182450894888,0.5967650415499512,0.5789461298698404,0.7161805871592504
9925,5,0.026382437648210317,0.020647244101954183,0.020258621947817735,0.012822831763716614,0.03280160220805044,5.21843581128477e-4
9972,5,0.05768832879519744,0.053261487165757126,0.10342871302360002,0.07876823779099519,0.06284393936834423,0.1295874209260586
10002,5,0.20698445484849332,0.20251136985839674,0.22486770731963246,0.2044265590149359,0.26512368986216034,0.022547789151798173
10083,5,0.16960787955365747,0.16173677426804034,0.27973477071453623,0.21757020420101336,0.17913482650449358,0.35223041341208494
10166,5,0.06196976867404969,0.03600769799415265,0.09429135577193032,0.07027276473527853,0.07977876497723276,0.12788719429124756
10201,5,0.020733128384293864,0.019058346286445545,0.019044473071914682,0.013109174899735435,0.02699010734731528,8.504856633535174e-4
10228,5,0.0326607855549108,0.029625337294259695,0.02913879815662519,0.01956793725180237,0.042695409051373825,0.0011318117221223558
10234,5,0.1022479678166416,0.10405040796244201,0.10995485361671642,0.08487264467394096,0.13405330473377058,0.007796205572477058
10305,5,0.5578778816431744,0.47263373830483435,1.2012899213654264,0.9375135190404702,0.7405977962081858,1.2679338533672333
10344,5,0.09249705201764713,0.08990157091208535,0.09970968369487862,0.0905404534724434,0.11846168917730544,0.009968559769326295
10395,5,0.24420298125735676,0.2515183097380538,0.27946363025833515,0.23669443370584572,0.31410324640808795,0.025575434158137064
10585,5,0.6878314154423416,0.6935611318428659,0.5170748488687603,0.6385244218941335,0.653159074293261,0.5830151663394667
11198,5,0.255660623761827,0.2592320102938036,0.27235130291054044,0.20718755065149427,0.33552500694497756,0.018521198402847296
11469,5,0.024716378671614556,0.025300956531622256,0.0282680564008353,0.024423445412137923,0.03171042027470163,0.0026872601313079306
11500,5,0.1878258783010936,0.17202007522940982,0.2092497337832995,0.26043088546396415,0.23542651031941988,0.03523237446652362
11524,5,0.8488043814999418,0.8648574523799034,0.923578662141181,0.7577922677780774,1.1132405989447332,0.0745064958448186
11639,5,0.37933361388150344,0.3654172719957925,0.2632050298708286,0.35202759787037746,0.3662671417198037,0.28095355543442635
11763,5,0.00304305502891124,0.002362984840986422,0.007033425231890374,0.003879105328374713,0.011423235270604992,0.01165921795340604
11766,5,0.2849162028854205,0.31413165024825457,0.26486509673902897,0.2484304398327059,0.24191735189230323,0.37009310269311246
11894,5,0.3179826027746475,0.3440660739529332,0.28020075667094674,0.28185013182377955,0.2782394067335283,0.3723805180211259
11990,5,0.31006435422777784,0.2960642445771446,0.3495877777853497,0.39917102308503283,0.3932562786859532,0.0515239356863814
12092,5,0.6155358798015018,0.6650775822869817,0.6456588551827843,0.5341050001995423,0.51082921320399155,0.9953096910158779
12266,5,0.3539919184646022,0.3285922199080731,0.5866364267490652,0.46868922611407293,0.4094949459673007,0.6915961161899118
12430,5,0.04273458110698985,0.03804318703725274,0.08312750088967812,0.06344149637731551,0.05267857794785127,0.0994500156093029
12657,5,6.990886371532892e-4,0.0016151565785560947,0.023284480974516443,0.0023504269637065734,0.03023086367356495,0.02726753624195851
12793,5,0,0,0,0,0,0
12804,5,0.004530600208951844,0.006154872921248385,0.10618006488992766,0.00937431321562937,0.08611739543888161,0.08605166527172983
13003,5,0,0,0,0,0,0
13138,5,0.19135268067605216,0.1587251671795251,0.4144243160562293,0.31855786629102917,0.2672345966929376,0.4465668845100139
13189,5,0.23763388551393028,0.2166861368344628,0.42213783678430133,0.3209207602201099,0.2562646543140462,0.5400475113630194
13468,5,0,0,0,0,0,0
13475,5,5.153225715340612e-4,0.0014659947124818539,0.02504875536937241,0.0020849082606215733,0.032523976697512696,0.029696548979192414
13486,5,0,0,0,0,0,0
13522,5,0.49694037148941966,0.45048462354669927,0.983710077477133,0.7597630947227336,0.5924618868582342,1.1046093127359746
13790,5,0.2651854666307266,0.26268731285963753,0.38371754686979104,0.2913584675406754,0.24830581575382904,0.5574510337567493
13817,5,0.13644399909423807,0.1234231313514918,0.14714898912337068,0.20006538777134603,0.1749697405012208,0.027002750445613576
13830,5,0.09698159786025193,0.08949988530090451,0.16526202466004525,0.12579792023694533,0.1037078943501368,0.21579400675421834
13852,5,0.06340952440213314,0.05566461708126847,0.037774008708886614,0.05206325068525286,0.05720516240744298,0.034246066736852813
13868,5,0.03367369300458968,0.02909516537713414,0.07227225796859683,0.055905575226040775,0.04300950780380436,0.07758058431969649
13881,5,0.4517715215698351,0.41267135859618803,0.5005323776779199,0.632618991553102,0.5682611093991039,0.08560460515470722
14020,5,0.5123519732285572,0.47633548093251665,0.3938751326146693,0.42332757770133894,0.44194752804898807,0.4741858982152414
14124,5,0,0,0,0,0,0
14219,5,0.21630133616677003,0.19856726929292487,0.2340125735217026,0.3123346910801994,0.2792171684671235,0.04150955673157206
14363,5,0.4755668105954082,0.43032382129272073,0.5152869944641149,0.6908627052673929,0.6070054795572585,0.09340299906715128
14418,5,0.13247495274780915,0.10604943795489978,0.10589825595692529,0.0680131799580217,0.16365370116094627,0.003073764915819997
14421,5,0.2118165875076379,0.19895967349274332,0.19437247968216237,0.12761894101371413,0.2788346033602093,0.006659195082322519
14459,5,0.1007018840024184,0.08977894190221149,0.18990457348366122,0.15098464519568305,0.12207473904645504,0.20906281070335112
14626,5,5.318006885535325e-4,0.0012340992246284998,0.03530432708353873,0.001766589964482803,0.029255491223056467,0.02959675872740473
14682,5,0,0,0,0,0,0
14738,5,0.00456175690316278,0.004271775666814881,0.007783866908767627,0.005899895452155371,0.0047716821548213426,0.010194999667593987
14756,5,0,0,0,0,0,0
14967,5,0.027665134538955298,0.020998807924667063,0.05639073535121741,0.043439225278058255,0.038630226019427824,0.06265032226766497
15002,5,0,0,0,0,0,0
15030,5,0.4439075084073403,0.46066795501565866,0.48158593922021686,0.4317767685161477,0.4025053623732588,0.6549575415933004
15052,5,0.3855768443416483,0.41292857880547906,0.32539442633224136,0.34357623898276707,0.3425479730290771,0.4103421516423579
15134,5,0.022392095956095235,0.020969300105984152,0.024096571376811964,0.030652146558132743,0.029199017342705646,0.003927298354049878
15154,5,0.1427830295175923,0.1312202973609376,0.15933240181487404,0.19701801461765897,0.1790789382201815,0.026577447665655073
15178,5,0.05577631290978498,0.03832561367124258,0.10320585496631936,0.07920897780825387,0.07585132903199016,0.1216321845040641
15219,5,0.10760565060372927,0.10042242042302468,0.11811817869722335,0.14824245563738825,0.13815002199538645,0.019426468496567283
15253,5,0,0,0,0,0,0
15293,5,0.13442754099693746,0.12617470637954595,0.14521202671738295,0.18177970623039447,0.1747841694820498,0.023249933237248922
15476,5,0.17554426596197126,0.15705167245652543,0.18050916301400488,0.27479086352348153,0.2330849693070766,0.036688276172776146
15531,5,0.3074288415186296,0.270024094702579,0.18164006267669888,0.26120553860039347,0.2846170318437126,0.1677013997440344
15563,5,0.1274011387409957,0.11816742345596766,0.13744197454362775,0.1800116160371735,0.16546739716879172,0.02351319600423992
15615,5,0.008570040794675828,0.008012038011504208,0.009266925926189573,0.011916897247412822,0.011153838321193597,0.0015421256695609177
15700,5,0.008500404579697102,0.00796228648779849,0.009139622185921879,0.01157362445390058,0.011082462408775083,0.0014792683862238172
15711,5,0.6869234235940233,0.7235533201789226,0.5735686777185122,0.6169920516178163,0.6173639048735982,0.7268699401861135
15743,5,0.41009346767393073,0.4170932284608088,0.3134566747969769,0.37579506459911344,0.3834082711778265,0.3593515784993701
15752,5,0.65180356909826,0.6366623558330162,0.4829121367257523,0.5827243830474454,0.6014946359324066,0.5654122022728632
15770,5,0.10305200360938274,0.11317994864576617,0.09988497305938138,0.09006854814954778,0.08680793767595656,0.14397815914822992
15790,5,0,0,0,0,0,0
15913,5,0.04328076221925975,0.026554234080287134,0.0757989675835936,0.05177512884327828,0.06810789862143203,0.09901200584022335
15971,5,0.1993054264230013,0.16488073182763405,0.1064400101513815,0.15286793694190695,0.1739273834237198,0.08352587284753614
15977,5,0.08133655016152852,0.07512787245323656,0.09172611384492527,0.11018421708230883,0.10132488357826883,0.01486110566159542
15996,5,0.1778967448317519,0.16537664175536554,0.1163470454767673,0.1582143741860655,0.16758629395484614,0.1194832142366973
16022,5,0.14636715525815389,0.16070235402190558,0.1574051938018119,0.12899590978561395,0.12068891278055172,0.24001301627340388
16025,5,0.3087769905215784,0.24711320957078045,0.619062347226012,0.4428393198040884,0.46663710486874055,0.7466305065142633
16060,5,0,0,0,0,0,0
16091,5,0.2660504609010848,0.25296650430778134,0.30862182111426995,0.3372303715518918,0.3285280586302039,0.04460729971839972
16113,5,0.15464343430443228,0.15101081539333136,0.11103128153903245,0.13918799308186125,0.14433375142122215,0.12421045799800128
16140,5,0.2727916045077639,0.23864745879464988,0.15991837002653314,0.23243840425726023,0.2534292093821521,0.1467155326823362
16171,5,0,0,0,0,0,0
16195,5,0.05459193443111784,0.05020363039567732,0.034977731972496325,0.04844290109070375,0.05153948017328387,0.035197890173282356
16257,5,1.5993867842389777,1.7142182998992221,1.3691582932227275,1.4342932965602435,1.4250749319552027,1.741220322125022
16284,5,0.11322084634450692,0.10544689114983029,0.2033593992844351,0.1591626491090812,0.12730066202645166,0.23845537437983047
16366,5,0.035129781056890234,0.03190916706718341,0.03881256061304771,0.04959445483575537,0.04414621096742476,0.0067426276625514965
16407,5,0.02769992280651019,0.025267790683981647,0.03083513440167146,0.0385801327262946,0.03465833900393098,0.005240551354706696
16531,5,0,0,0,0,0,0
16573,5,0.5237300114926424,0.5810129966287443,0.5433782294784015,0.43379759389038747,0.41143073867938573,0.8657997631567617
16577,5,0,0,0,0,0,0
16603,5,0.16482747262265757,0.1371980293183024,0.08916936212149533,0.12706742815797145,0.14417654801260849,0.0707117666202884
16626,5,0.18967841470064942,0.19809320939877792,0.15402580857159115,0.17109781698589463,0.1722640258435916,0.18989467968715495
16707,5,0.10928666037476716,0.11954177015037465,0.10150218177949928,0.09574786074736197,0.09331916390037533,0.1418265837763746
16726,5,0,0,0,0,0,0
16735,5,0.1443528471227662,0.11883220040072734,0.07570270982565112,0.11327756749071095,0.12806283242860528,0.0608352626776113
16783,5,0,0,0,0,0,0
16798,5,0.13047881204056833,0.10708882270383795,0.06816114073677586,0.10116614418584004,0.1148546375233568,0.053935767726627795
16854,5,0.38943139719573316,0.35840105296891045,0.24862256495601043,0.35649065135038616,0.3773088709638559,0.24999275954095218
16878,5,0.5223999262826579,0.5355878652395839,0.4033810292030397,0.48836685969535687,0.4962941193881143,0.4596853038910757
16885,5,0.9644384920656948,0.9836177694173536,0.8472382476774374,0.8693513692520494,0.8638636091323794,1.13784135509504
16999,5,0.023116344979763503,0.017003946469814728,0.045790034374226185,0.03565900348967685,0.030902108030696422,0.05086373112873616
17025,5,0,0,0,0,0,0
17198,5,0.14877347341124186,0.1475253305621383,0.10923678388569846,0.1358728400103398,0.13990706584566098,0.12336378277799268
17245,5,0.13687323226493897,0.14784649452253287,0.11896265652750941,0.12188780613361151,0.1206796868375209,0.1553794795598614
17330,5,0.6406103445436042,0.7023276131806198,0.6273575165984268,0.548915684530655,0.5276960858494933,0.9073000766245607
17345,5,0.13271658897095598,0.14149615878158844,0.12347851164674516,0.1134841478636964,0.11120362472195461,0.17720865795565457
17400,5,0.22641497112490558,0.2403255320602195,0.27091655239748724,0.21388656618276566,0.19358408038571448,0.41123877377268236
17457,5,0,0,0,0,0,0
17504,5,0.14737026990359983,0.14564775997309728,0.1076017173264909,0.134370888814143,0.1385614102012461,0.12108716141250139
17526,5,1.575163860342022,1.7426629912492289,1.5574487973821616,1.3614679547443225,1.3038971494426828,2.2839152704569194
17601,5,0.2030881698228217,0.22530886692270088,0.1932394959170676,0.1753163444109187,0.1696988135031139,0.27697282508218557
17616,5,0.03747272673519199,0.04166322177518613,0.03903407054376064,0.032245216892619416,0.030453064027632676,0.059655906518909715
17793,5,0.23168412561058335,0.2512409860261924,0.20453053888992856,0.2055309215285564,0.2027457346616818,0.27017558565698124
17813,5,0,0,0,0,0,0
17837,5,1.2100430315411919,1.3210287386670987,1.409550982120984,1.0798919497115738,0.985453767751908,2.223077488037807
17844,5,0.11794177737263184,0.12791508347656214,0.10569105854785252,0.10419732154752497,0.10246569976736188,0.1428903398368688
17903,5,0,0,0,0,0,0
17934,5,0.13792328169997825,0.14314308563011985,0.1809939288725144,0.13496508993361891,0.11882771974992062,0.2829768587274054
18055,5,0.2562533580560664,0.29270000087295467,0.25708892246065795,0.21281199603988463,0.2025467407974168,0.38928977362349965
18452,5,0.1793851598085418,0.16366418558880058,0.11266210711839358,0.1648837047408649,0.17488947726044496,0.11200817185847349
18471,5,0.02663246800358271,0.02964760450161298,0.02654290027068949,0.022904724117192174,0.02189859903047577,0.03940165389966988
18516,5,0.19119308208280317,0.21640101316913446,0.20032849227483748,0.158932981231578,0.14968012547200393,0.31521764640749467
18559,5,0.1333358576312705,0.14737610169821633,0.13155184952027157,0.11566792351415385,0.11092955194108585,0.19292494609996522
18575,5,0.5245214460545743,0.5901508153205431,0.555201724120168,0.4389137730120968,0.4124825110936448,0.8779904081066208
18782,5,0.12716376843179925,0.13826009134379158,0.14409153676939213,0.11130834301161772,0.10290097983643597,0.23248798336994655
18845,5,0,0,0,0,0,0
18876,5,0.44189522141783916,0.4654417880601727,0.3800732964658395,0.393462681793039,0.39144867735450534,0.49940327833420084
18884,5,0.1866353922344537,0.18060384102491425,0.13172117882649495,0.16772385404046986,0.174614053146573,0.14514063356293824
18892,5,0.1283287004266234,0.14448820022544343,0.1318461744900375,0.10802843265737949,0.10233459433471692,0.20277535985198247
18912,5,0.39716884691628096,0.4384255797799958,0.3839104776975943,0.3450515093433131,0.3327137529800139,0.5542470201853676
18994,5,0.2646681038961621,0.2934821961781455,0.2666539913290805,0.22808872430795502,0.2174760445082824,0.3987126492975837
19045,5,0.21226355740104202,0.22088118729788556,0.1714141349968009,0.19053358064329884,0.19218799046427926,0.21080908755620256
19189,5,0.3600284850916657,0.3990492044827194,0.3698654393746254,0.3108409103165629,0.2947320687631723,0.5587674880175508
19213,5,0.5960828859055779,0.6599188285869975,0.6019408654154345,0.5161061493159058,0.4916995437777098,0.8966646136190647
19222,5,0.7305409400491032,0.8114014765214012,0.7691510106151935,0.6283536329964241,0.5916299475823938,1.1845988613903016
19251,5,0,0,0,0,0,0
19252,5,0,0,0,0,0,0
19323,5,1.3839955739961383,1.4877452474216755,1.2239091740009704,1.2347928245753694,1.2182781851735158,1.6241880443559988
19444,5,0.07260791543003263,0.07540086259087324,0.057846853013667335,0.06645709065705512,0.06713026485392326,0.06919201145862547
19533,5,0.5765880723168249,0.6190186390472605,0.5097422573829515,0.5121661146378247,0.5055581674977893,0.6812847409972118
19646,5,0.7709328390881192,0.7922865344778228,0.6085770104869646,0.7018111296304492,0.7111741346121999,0.7307582683296737
19780,5,0.020277201579021294,0.02088038555649779,0.016236511885769984,0.018230353747223395,0.01843595776896876,0.020005030970046803
19901,5,0.19173149815182225,0.1938878603031796,0.14751068967217448,0.17308817952330927,0.1766258669572995,0.17527539736410264
19966,5,0.02967704532233076,0.031123327216510368,0.025024606697854525,0.026495403411894266,0.026479495030107134,0.03231675227344528
19982,5,0,0,0,0,0,0
20166,5,0.10019423347008861,0.1032999730195727,0.08174404005736863,0.08956762636991536,0.09027530373934355,0.10289338413809722
20217,5,0.12391745717617217,0.1265789516848848,0.09952314147953553,0.11064125878420925,0.11198965251417096,0.1238108987667345
20268,5,0.24126503736592253,0.24175429684956967,0.18386479840265568,0.2162126401460497,0.2214123692483841,0.21801905227475005
20282,5,0.21984041348677516,0.22185288792677804,0.17205571723566476,0.1960374953482803,0.19972060520157178,0.20952778008716524
20325,5,0.23796130661793757,0.24368618518510143,0.19241991025070251,0.2125543498719088,0.21478384547407775,0.2405953886121507
20613,5,0.9412691379532186,0.9473341585734112,0.7340938944020111,0.8395461927551587,0.8561169377012645,0.8905463005829398
20616,5,0.05372422656029859,0.05405165703065837,0.042110490194589296,0.04776249577542235,0.048679756620223204,0.051408494633639994
20697,5,0.4113873775107837,0.3985220320482032,0.29472340596007396,0.36373008223509085,0.37865957431686514,0.3316538594618032
20700,5,0.6595280395568336,0.6594725827436871,0.5085383473653853,0.5864395898996698,0.5999632947147819,0.6118615058744299
20753,5,0.058891732503363284,0.05779778224694658,0.04336725911423638,0.05221991296706548,0.054005568503700196,0.050079588339022714
20760,5,0.2521133252699185,0.23989899633784906,0.17422393185285298,0.22118806318782253,0.23240024063278528,0.18927058678986833
1361,6,0.5778946319986193,0.5659497315688509,0.6526590662008571,0.6605726295579842,0.734364801324578,0.08045521768461461
2026,6,0.9540246492425415,0.8935433134589268,1.0857367768942738,1.253145866090772,1.1875529748167102,0.16696810869866724
2178,6,0.09573079625587266,0.08896868446583661,0.10243268206609028,0.13695780505465266,0.1255381952541903,0.017771699889565975
2191,6,1.1039086641541118,1.0168925473728596,1.22032340121072,1.534494276805649,1.397804573082011,0.20547960130109832
2244,6,0.10583819465920534,0.10390766172143705,0.11402077332941496,0.09767820733780495,0.1356322178159945,0.010248425400983729
2548,6,0.11276976129048126,0.10691217241000572,0.12662387707289843,0.14800210673020492,0.14306693602765108,0.019271587660971146
2919,6,0.209943826602622,0.2019507321985508,0.23677206204388343,0.2626859844141845,0.2666440271167467,0.033445773015810566
2978,6,0.05436949173003374,0.05285770894152892,0.061457144455658606,0.06491782910392004,0.06905890930350655,0.008086403384073728
3008,6,0.6862529473597296,0.6604634559211904,0.777119442376825,0.8585126351110609,0.8692677271789662,0.10965065190706633
3202,6,0.7384519370557641,0.7052508084748272,0.8259747791140576,0.9469703715597421,0.9416886789606997,0.12130295587170208
3881,6,1.5565606959411913,1.4264383665697136,1.7072590162209744,2.1947003462754253,1.9789460909290013,0.294269722203288
4014,6,0,0,0,0,0,0
4933,6,1.1107703662168835,1.0436509510356415,1.22210793349481,1.3260049111725811,1.3977045482352037,0.16700107390044083
5361,6,0.5138128901547109,0.44164796183219257,0.30320015498081726,0.38559037975322713,0.4367658583246832,0.2483317531865595
6356,6,1.32580699940514,1.3463958579843456,1.1504433225639064,1.156790973805641,1.1568603090317238,1.4984822165120548
6665,6,0.43541430887779786,0.4090948507052582,0.4973097996038128,0.5694431893213818,0.541438262274685,0.07578891585351165
6863,6,0.7154255504250508,0.720616603464221,0.6279607589000855,0.6452048255766366,0.6434732149414089,0.807457310779384
7044,6,0.6337834511437972,0.5929958707156254,0.7217456777864076,0.8355918515015228,0.7883644905430701,0.11156851333739681
7217,6,0.25412873721699486,0.26019662134434385,0.2729560551880832,0.20641096551015092,0.3339087240877132,0.0183172980910379
7247,6,0.031858524148456885,0.030664422517965695,0.03634812162230813,0.03992818714947087,0.04014203578330503,0.005135232414568434
7397,6,0.526458547872339,0.44320769370078456,0.2865084338277073,0.43599254124154624,0.4831629365648138,0.2475376563881607
7732,6,0.8628033821521086,0.8341504693885553,0.6164743537502858,0.7703869143739519,0.8002347388764677,0.7076525383118472
7874,6,0.2054778713365935,0.19606392765354033,0.22431398218967558,0.22869581543941564,0.2608094946964056,0.0274904782503165
8150,6,1.2446297263054484,1.1775653108837882,0.847594067517299,1.0793109520268696,1.1409744003443734,0.8962136599352112
8668,6,0.2749095846372615,0.26831723033677346,0.28639990461701936,0.2303184613698678,0.3553088361876145,0.021955882240708616
8732,6,0.4017381569995579,0.3704151618284832,0.7581366247637837,0.5803955741953906,0.45614505731028376,0.8962590403463885
9269,6,0.5492547549134353,0.5167407907882924,0.5847562648030259,0.5632693883672468,0.5370612165592045,0.6976022637749314
9314,6,0.4034028938353613,0.4091830858414488,0.535291021400411,0.4282608464300767,0.3748546575553431,0.7495061965098714
9989,6,0.7762870622981455,0.6761623013915915,1.5936369065749447,1.242572743868957,0.9858851642570637,1.7334338396788864
10295,6,0.2779877988631609,0.27289271617664623,0.30189136567756447,0.2687862239999764,0.3562851867496943,0.029196162607142324
10510,6,1.9287095536466676,1.9011657258001777,2.1901583752992675,2.2282367618434886,2.4571396109344184,0.2716301860768235
10735,6,2.339476978111591,2.33445119020781,1.8161176423540755,2.1078209085027,2.152523041043482,2.1186175654596653
10832,6,1.8353733208678602,1.7503354367343564,3.0915590251338156,2.425129900495678,2.0421184166683335,3.711762903584189
12218,6,0.8796106832688616,0.7414475195543746,1.88388213011007,1.4316916475354113,1.202508830043196,2.0627891705524526
12441,6,0.735552068028561,0.6404068359667835,1.5706011307663432,1.1309452268390325,1.0196562502848296,1.739526166609838
12731,6,0.16715029472094822,0.15630634038605365,0.10972928075571531,0.15541866332906434,0.16333307556069027,0.11230451176986082
12847,6,0,0,0,0,0,0
13326,6,0.5292796636922219,0.45979321591051187,0.4505901576405928,0.2896806180119254,0.6766455690894368,0.013072842684837268
14045,6,0.6402680127900643,0.5841994209641513,0.7052360201802033,0.9045465714761262,0.8092615405705457,0.12216985764298716
14438,6,0.022553089636532804,0.023684664084115986,0.018166108641021743,0.020914254493974285,0.021053087051586563,0.02136182641297946
14696,6,0.5951407900510446,0.574126289160286,0.9164443173526959,0.6933549337909907,0.5813110188022957,1.2928871474907624
14936,6,0.5059619795726159,0.5269851094880108,0.5189281562220937,0.4898450759869012,0.4679680798265257,0.6693080144740448
14968,6,0.5742361484692787,0.5975409427154129,0.5939173370668124,0.5507808827336159,0.5205326569091283,0.7969992253746802
15093,6,0.7697357533588265,0.8244631570407362,0.6464015740986391,0.6912547259273085,0.6898057640153431,0.8008545906928258
15361,6,0.5695995840924579,0.5339175176864107,0.6211543964607354,0.7781346111301951,0.7362196724028802,0.10077462612038406
15428,6,1.049006341455814,0.9795672868999674,1.1958682004774477,1.3859039812957898,1.3023119849670959,0.1855870681460951
15448,6,0.17554235198760698,0.16269639379039713,0.18946075628862008,0.2485830180719263,0.22788003674896837,0.03252487716774031
15618,6,0.13155638650131585,0.12153189443587138,0.147319138740128,0.17962700856589553,0.16495563527438914,0.024127691779311258
16183,6,2.370195414617395,2.3023899146406515,1.6949460010197381,2.1056123802199367,2.193158040050166,1.8653138732974277
16349,6,0.3691047009627927,0.3468585770099581,0.24684658264532583,0.3316435832327481,0.34915902297950874,0.2600127321316582
16468,6,2.3833791297040867,2.416960701942824,1.9999144360345869,2.1206233002765744,2.1321006764816848,2.637617872216588
16629,6,3.6415624511323643,3.9651799933776823,3.5882145957401197,3.0876466189719407,2.9714157817263853,5.330671520777378
16632,6,0.3148603370303439,0.23233982042711998,0.5879357145408074,0.42317965247685335,0.4372469254489383,0.7001595535005418
16660,6,0.35697806161635226,0.2937617622074426,0.18707610483974732,0.28001163936239415,0.3166217062095209,0.15022209343652027
16669,6,0.46616886713517786,0.49568454956595276,0.4852673106742921,0.4214196928476643,0.4012681939470098,0.7156476415969971
16849,6,0.8784931473035206,0.9154188131179164,0.7462544683656149,0.7850483337115473,0.7836947415284793,0.970092945057539
16877,6,1.3489571323647567,1.3707155982170685,1.0573918811169138,1.2151725999920702,1.2353413284657861,1.2802446246853285
16960,6,0.9492155258340876,1.0170230440660193,1.0501793563856316,0.8788035665463273,0.8238675660994716,1.5171136290386955
17067,6,0.5471399877150559,0.5747441789162836,0.45765586594328395,0.4903257991263965,0.4906540958432092,0.5840873202514747
17426,6,1.6461495546240588,1.8457630757842205,1.6417557602857222,1.4167814958667222,1.3517172953561707,2.4062633879464705
17487,6,1.7348507895572958,1.968994851010988,1.8007714062600513,1.4368288218483638,1.3565904942340654,2.822580564704698
17748,6,1.7383564524680872,1.8994094233715508,1.908223209070445,1.5383391615245117,1.4310329239675608,2.9400233907666196
17807,6,2.9551713186412942,3.2784781111663914,3.222865954983529,2.5612168722928184,2.3832106790790135,5.00384593853138
18300,6,0.6560099605306539,0.7269631003484107,0.6605058718744589,0.5704924689584454,0.5434084889704235,0.9722821437474428
18307,6,3.991850540361107,3.7305002179877844,2.651128827485688,3.572657808692538,3.7667595149843645,2.8019961619521654
18524,6,0.23893006466451625,0.2657763140281962,0.2381097064574387,0.20547597117656977,0.19646714513866198,0.3536415611984725
18944,6,0.6854407534465381,0.7615988886082963,0.7011129228497988,0.5884081640205661,0.5586438071071015,1.0623337065446707
19619,6,2.8468159223771434,2.844129092133216,2.1517267164176634,2.588279565882646,2.65179933297725,2.5086231803935775
19622,6,1.0991450841185035,1.1193774223637816,0.850718342352456,1.0066584639052867,1.0243954337286154,1.0003141613456445
20036,6,1.4715036884290627,1.474013723323071,1.1313009304375923,1.3162465729784747,1.3460862012430055,1.3527781007021211
20215,6,0.7694952846606467,0.7797760103753942,0.6030182988154127,0.6892934448453278,0.7013911822417126,0.7329989474499329
1814,7,1.4127501335345123,1.3647986721842533,1.595121508964766,1.7188453162735202,1.7913379357178663,0.21646977639658366
1985,7,4.847206453356826,4.621733020895431,5.489607334519738,5.831728045743651,6.056226320417498,0.7438179116378798
2101,7,2.229861953723045,2.067057636407648,2.4944588826089205,3.032079939907218,2.8033819081245652,0.40544564169086256
10822,7,5.054856557652926,4.825972787389402,4.068892731780466,4.734212816731877,4.784118929208344,4.507743635909403
12002,7,14.869512490486352,14.235883938767735,19.82355977603379,16.862205083660815,15.243574561744405,24.33925847077387
12103,7,2.3770867724300393,2.357289013339185,2.6960153082273246,2.6584793770512505,3.032149514791437,0.317820618061575
12267,7,21.442370280276407,22.247544537029523,20.571024914867795,20.454767578290365,20.124288350934936,22.621256910133468
13074,7,21.328424295569263,20.518564941971125,25.067971806102747,22.85248257820123,21.286439482463383,30.37976193748588
15014,7,0.920914995253198,0.860429296702301,1.002673529850899,1.2713160560136298,1.1906406335382513,0.16534896880301977
16892,7,13.849429196724493,13.774524097072312,10.706579998159775,12.525631982900599,12.792963195792165,12.796286053572981
16917,7,14.789954686246773,15.726505253512988,13.716757495019849,13.173607932799628,12.867171349130146,19.08493963070589
17129,7,4.352289237868252,4.89244379742006,4.3826674975636,3.685674503763388,3.5094854880630284,6.573247734420222
17137,7,2.3655384895043188,2.508099909312199,2.3340045777558847,2.1333827251309083,2.0593933260896073,3.2744255953917416
17217,7,2.31655573220203,2.5790602776278466,2.4231321738656213,1.9714183073343259,1.860140363637173,3.751900303070839
17257,7,5.094217138169718,5.048161993643681,3.7717928796047553,4.6578601488114595,4.789683093001761,4.312210052160756
17642,7,5.252705956948859,5.791111388384967,5.781043406408792,4.583269584709753,4.2569788436058476,9.010359844941556
17942,7,8.592869467700783,8.910167266385084,7.10316328608492,7.759347214674304,7.790285359814927,8.967991204725779
