year,stream_order,focal_reach,group_individuals,n_reaches_in_group,n_reaches_with_production,basin_total_run
2015,5,1165,0,13,0,161749
2015,5,1360,0,23,0,161749
2015,5,1471,0,23,0,161749
2015,5,1512,0,21,0,161749
2015,5,1516,0,45,0,161749
2015,5,1578,0,13,0,161749
2015,5,1661,0,13,0,161749
2015,5,1749,0,13,0,161749
2015,5,1847,0,63,0,161749
2015,5,2090,0,41,0,161749
2015,5,2142,0,17,0,161749
2015,5,2167,0,47,0,161749
2015,5,2212,0,23,0,161749
2015,5,2252,0,17,0,161749
2015,5,2284,0,13,0,161749
2015,5,2397,0,9,0,161749
2015,5,2478,0,35,0,161749
2015,5,2589,0,19,0,161749
2015,5,2636,0,27,0,161749
2015,5,2802,0,9,0,161749
2015,5,2881,0,13,0,161749
2015,5,2900,0,21,0,161749
2015,5,3054,0,27,0,161749
2015,5,2983,0,17,0,161749
2015,5,3085,0,19,0,161749
2015,5,3086,0,17,0,161749
2015,5,3099,0,9,0,161749
2015,5,3154,0,57,0,161749
2015,5,3288,0,11,0,161749
2015,5,3326,0,17,0,161749
2015,5,3376,0,7,0,161749
2015,5,3394,0,25,0,161749
2015,5,3690,0,53,0,161749
2015,5,3707,0,21,0,161749
2015,5,3716,0,37,0,161749
2015,5,3781,0,17,0,161749
2015,5,3928,0,13,0,161749
2015,5,3954,0,31,0,161749
2015,5,4128,64.38021879057247,17,1,161749
2015,5,4196,0,21,0,161749
2015,5,4224,0,17,0,161749
2015,5,4298,0,65,0,161749
2015,5,4324,0,11,0,161749
2015,5,4536,0,7,0,161749
2015,5,4657,0,13,0,161749
2015,5,4721,0,25,0,161749
2015,5,4774,76.30083577198934,61,1,161749
2015,5,4864,0,7,0,161749
2015,5,5025,87.27303322352272,47,3,161749
2015,5,5079,68.67726037432288,73,4,161749
2015,5,5134,0,11,0,161749
2015,5,5202,1438.6723559475838,123,21,161749
2015,5,5277,0,15,0,161749
2015,5,5285,0,11,0,161749
2015,5,5440,0,15,0,161749
2015,5,5542,0,17,0,161749
2015,5,5570,0,7,0,161749
2015,5,5745,66.7094083113527,17,1,161749
2015,5,5696,441.5020117015856,53,7,161749
2015,5,5810,0,17,0,161749
2015,5,5890,0,21,0,161749
2015,5,5897,0,15,0,161749
2015,5,5938,0,23,0,161749
2015,5,5957,0,13,0,161749
2015,5,6142,24.937299207098626,13,1,161749
2015,5,6097,0,7,0,161749
2015,5,6135,12.064657136273752,15,2,161749
2015,5,6164,0,13,0,161749
2015,5,6191,0,23,0,161749
2015,5,6192,0,37,0,161749
2015,5,6221,58.494590119290464,25,2,161749
2015,5,6265,412.28788291895006,23,4,161749
2015,5,6296,15.397642905280993,31,1,161749
2015,5,6326,0,7,0,161749
2015,5,6352,0,15,0,161749
2015,5,6417,0,11,0,161749
2015,5,6431,474.8444851813848,41,7,161749
2015,5,6497,0,7,0,161749
2015,5,6535,139.79702837881246,21,3,161749
2015,5,6581,0,43,0,161749
2015,5,6618,0,27,0,161749
2015,5,6787,0,17,0,161749
2015,5,6875,0,27,0,161749
2015,5,7119,0,41,0,161749
2015,5,7172,0,15,0,161749
2015,5,7268,104.50834282060012,17,2,161749
2015,5,7296,115.90064492384207,37,6,161749
2015,5,7329,0,11,0,161749
2015,5,7341,0,15,0,161749
2015,5,7343,0,13,0,161749
2015,5,7357,0,17,0,161749
2015,5,7494,17.5460630322119,21,1,161749
2015,5,7502,57.87498722358733,53,1,161749
2015,5,7696,0,25,0,161749
2015,5,9208,0,13,0,161749
2015,5,10305,398.4278312547647,49,8,161749
2015,5,10344,0,29,0,161749
2015,5,10395,0,35,0,161749
2015,5,7728,0,29,0,161749
2015,5,7807,19.98650644680096,11,1,161749
2015,5,7868,0,7,0,161749
2015,5,7895,35.064011951533274,19,3,161749
2015,5,7913,51.49842252853572,15,1,161749
2015,5,8056,0,15,0,161749
2015,5,8129,0,9,0,161749
2015,5,8192,0,7,0,161749
2015,5,8463,0,11,0,161749
2015,5,8534,0,15,0,161749
2015,5,8577,80.99519007628759,51,9,161749
2015,5,8704,0,13,0,161749
2015,5,8869,86.83316641736721,35,2,161749
2015,5,8944,0,19,0,161749
2015,5,9126,0,21,0,161749
2015,5,9349,0,13,0,161749
2015,5,9600,47.312733512695914,55,3,161749
2015,5,9796,0,15,0,161749
2015,5,9798,146.39179436535267,41,6,161749
2015,5,9871,324.0442808475551,55,4,161749
2015,5,9925,0,17,0,161749
2015,5,9972,83.31674374075263,9,1,161749
2015,5,10002,37.010186326328494,49,5,161749
2015,5,10083,0,15,0,161749
2015,5,10166,0,27,0,161749
2015,5,10201,0,7,0,161749
2015,5,10228,0,17,0,161749
2015,5,10234,9.4884567440656,25,1,161749
2015,5,10585,722.6161906553059,37,8,161749
2015,5,11198,67.49436226819883,43,5,161749
2015,5,11469,0,9,0,161749
2015,5,11500,182.62003948761054,19,3,161749
2015,5,11524,510.09766094522416,73,25,161749
2015,5,11639,89.69306541137628,31,2,161749
2015,5,11763,0,9,0,161749
2015,5,11766,21.51989404685001,25,1,161749
2015,5,11894,0,29,0,161749
2015,5,11990,58.92307530947396,37,1,161749
2015,5,12092,541.7952331395576,33,8,161749
2015,5,12266,100.37804203421442,21,3,161749
2015,5,12430,0,11,0,161749
2015,5,12793,0,9,0,161749
2015,5,12657,0,23,0,161749
2015,5,12804,0,55,0,161749
2015,5,13003,0,49,0,161749
2015,5,13138,15.211941964534155,29,1,161749
2015,5,13189,153.1113208115769,13,3,161749
2015,5,13468,0,19,0,161749
2015,5,13475,0,13,0,161749
2015,5,13486,0,13,0,161749
2015,5,13522,416.0013049770631,29,6,161749
2015,5,13790,42.05333883570477,33,2,161749
2015,5,13817,0,25,0,161749
2015,5,13830,0,9,0,161749
2015,5,13852,0,13,0,161749
2015,5,13868,0,35,0,161749
2015,5,13881,733.8161076109076,47,11,161749
2015,5,14020,54.346028995622234,27,2,161749
2015,5,14124,0,35,0,161749
2015,5,14219,0,55,0,161749
2015,5,14363,554.166912890599,57,9,161749
2015,5,14418,38.818201222494714,27,3,161749
2015,5,14421,156.84571486192624,27,11,161749
2015,5,14459,66.38896429617937,9,1,161749
2015,5,14626,0,25,0,161749
2015,5,14682,0,17,0,161749
2015,5,14738,0,7,0,161749
2015,5,14756,0,37,0,161749
2015,5,14967,0,15,0,161749
2015,5,15002,0,9,0,161749
2015,5,15030,37.61727154538717,25,2,161749
2015,5,15052,0,57,0,161749
2015,5,15293,0,29,0,161749
2015,5,15134,0,13,0,161749
2015,5,15154,143.10709267427671,15,2,161749
2015,5,15178,0,13,0,161749
2015,5,15219,0,25,0,161749
2015,5,15253,0,7,0,161749
2015,5,15476,67.6371999995771,31,2,161749
2015,5,15531,45.75961163772673,31,1,161749
2015,5,15563,0,29,0,161749
2015,5,15615,0,15,0,161749
2015,5,15700,0,9,0,161749
2015,5,15711,201.991384069014,33,3,161749
2015,5,15743,227.1301634215992,23,4,161749
2015,5,15752,402.47301923880553,41,6,161749
2015,5,15770,0,11,0,161749
2015,5,15790,0,11,0,161749
2015,5,15913,41.47111642389659,21,2,161749
2015,5,15971,0,25,0,161749
2015,5,15977,0,23,0,161749
2015,5,15996,0,21,0,161749
2015,5,16022,0,23,0,161749
2015,5,16025,133.67921593014717,109,5,161749
2015,5,16060,0,13,0,161749
2015,5,16091,30.69446360043132,33,2,161749
2015,5,16113,0,15,0,161749
2015,5,16140,0,29,0,161749
2015,5,16171,0,7,0,161749
2015,5,16195,0,11,0,161749
2015,5,16257,1553.475478358545,81,17,161749
2015,5,16284,0,11,0,161749
2015,5,16366,0,9,0,161749
2015,5,16407,0,9,0,161749
2015,5,16531,0,15,0,161749
2015,5,16573,385.6381690195813,23,6,161749
2015,5,16577,0,9,0,161749
2015,5,16603,0,23,0,161749
2015,5,16626,0,21,0,161749
2015,5,16707,0,27,0,161749
2015,5,16726,0,19,0,161749
2015,5,16735,51.2572471404008,9,1,161749
2015,5,16783,0,9,0,161749
2015,5,16798,0,15,0,161749
2015,5,16854,149.8993702005859,21,2,161749
2015,5,16878,176.69553757852208,31,3,161749
2015,5,16885,677.0312408645216,47,8,161749
2015,5,16999,0,11,0,161749
2015,5,17025,0,45,0,161749
2015,5,17198,112.64182709014769,17,1,161749
2015,5,17245,11.643010844579884,15,1,161749
2015,5,17330,393.28949937648065,31,7,161749
2015,5,17345,0,11,0,161749
2015,5,17400,38.36074002743237,27,1,161749
2015,5,17457,0,25,0,161749
2015,5,17504,0,13,0,161749
2015,5,17526,1252.3386076219397,61,14,161749
2015,5,17601,0,13,0,161749
2015,5,17616,0,9,0,161749
2015,5,17793,15.327818035540052,23,1,161749
2015,5,17813,0,35,0,161749
2015,5,17837,987.7090346166797,63,14,161749
2015,5,17844,0,13,0,161749
2015,5,17903,0,7,0,161749
2015,5,17934,83.97847839774758,17,1,161749
2015,5,18055,0,21,0,161749
2015,5,18471,0,11,0,161749
2015,5,18452,28.82553332438988,15,1,161749
2015,5,18516,0,23,0,161749
2015,5,18559,0,15,0,161749
2015,5,18575,214.53810134587968,35,4,161749
2015,5,18782,0,19,0,161749
2015,5,18845,0,11,0,161749
2015,5,18876,0,31,0,161749
2015,5,18884,0,13,0,161749
2015,5,18892,70.64704233394161,7,1,161749
2015,5,18912,11.590403457464236,23,1,161749
2015,5,18994,79.1865029015495,23,2,161749
2015,5,19045,0,11,0,161749
2015,5,19189,65.22731794536513,33,1,161749
2015,5,19213,143.3076999384512,37,3,161749
2015,5,19222,303.918049390213,39,4,161749
2015,5,19251,0,59,0,161749
2015,5,19252,0,9,0,161749
2015,5,19323,494.7543170527448,71,11,161749
2015,5,19444,0,9,0,161749
2015,5,19533,0,39,0,161749
2015,5,19646,316.1324344663017,47,5,161749
2015,5,19780,0,7,0,161749
2015,5,19901,0,19,0,161749
2015,5,19966,0,11,0,161749
2015,5,19982,0,7,0,161749
2015,5,20166,0,13,0,161749
2015,5,20217,0,13,0,161749
2015,5,20268,110.89070125733548,39,1,161749
2015,5,20282,0,35,0,161749
2015,5,20325,0,17,0,161749
2015,5,20613,29.149101939709357,57,1,161749
2015,5,20616,0,13,0,161749
2015,5,20697,0,35,0,161749
2015,5,20700,0,51,0,161749
2015,5,20753,0,11,0,161749
2015,5,20760,0,23,0,161749
2015,6,1361,0,149,0,161749
2015,6,2026,1090.9183462383855,127,19,161749
2015,6,2178,0,87,0,161749
2015,6,2191,1494.3175291905018,201,22,161749
2015,6,2244,0,57,0,161749
2015,6,2548,0,43,0,161749
2015,6,2919,0,67,0,161749
2015,6,2978,0,41,0,161749
2015,6,3008,59.15317997566781,109,1,161749
2015,6,3202,204.1634682821354,193,7,161749
2015,6,3881,2335.592439492105,289,33,161749
2015,6,4014,0,65,0,161749
2015,6,4933,1533.807239172696,191,25,161749
2015,6,5361,119.50112249225137,83,5,161749
2015,6,6356,608.0167899032645,149,11,161749
2015,6,6665,453.56666883785937,71,9,161749
2015,6,6863,0,47,0,161749
2015,6,7044,866.168163625603,85,13,161749
2015,6,7217,121.07649687229032,37,7,161749
2015,6,7247,0,27,0,161749
2015,6,7397,179.47050812553263,57,7,161749
2015,6,8150,1027.0798956896049,133,15,161749
2015,6,7732,891.3124613486636,77,8,161749
2015,6,7874,6.869155316887064,39,1,161749
2015,6,8668,88.99696647547226,75,6,161749
2015,6,8732,343.6698365443735,43,5,161749
2015,6,9269,155.34221514650693,49,3,161749
2015,6,9314,18.089381371776895,41,1,161749
2015,6,9989,503.3124100586553,69,9,161749
2015,6,10295,74.7063080703814,59,7,161749
2015,6,10510,1234.366783553432,307,32,161749
2015,6,10735,1976.5337261995962,133,24,161749
2015,6,10832,2218.803181581035,117,27,161749
2015,6,12218,1122.7060626326313,91,17,161749
2015,6,12441,473.27504706610625,125,13,161749
2015,6,12731,0,25,0,161749
2015,6,12847,0,45,0,161749
2015,6,13326,409.5680438210229,69,22,161749
2015,6,14045,814.2449904251636,75,12,161749
2015,6,14438,0,115,0,161749
2015,6,14696,322.4617483295623,57,6,161749
2015,6,14936,37.56709353461111,75,1,161749
2015,6,14968,168.77223834340242,37,4,161749
2015,6,15093,272.6407746407112,75,6,161749
2015,6,15361,0,105,0,161749
2015,6,15428,1315.092005472606,131,20,161749
2015,6,15448,0,41,0,161749
2015,6,15618,0,41,0,161749
2015,6,16183,1930.3913480229617,145,20,161749
2015,6,16349,177.67857875260495,43,2,161749
2015,6,16468,2157.695536366251,109,24,161749
2015,6,16629,3271.9505491939335,197,35,161749
2015,6,16632,236.5480962718895,89,8,161749
2015,6,16660,155.26189459967054,29,3,161749
2015,6,16669,97.42378372867267,73,2,161749
2015,6,16849,339.7596287717338,109,8,161749
2015,6,16877,481.8345734260014,79,8,161749
2015,6,16960,425.46034496681546,213,7,161749
2015,6,17067,78.32036140573855,47,2,161749
2015,6,17426,1582.849881065312,95,14,161749
2015,6,17487,1496.7656000685688,95,17,161749
2015,6,17748,1216.7394628816305,91,18,161749
2015,6,17807,2622.586463068914,131,28,161749
2015,6,18300,233.72360774534027,45,4,161749
2015,6,18307,4136.698116458094,209,37,161749
2015,6,18524,0,29,0,161749
2015,6,18944,250.35117043254604,57,4,161749
2015,6,19619,2224.6682010011946,179,18,161749
2015,6,19622,761.5339268922545,61,9,161749
2015,6,20036,500.05005000646105,95,7,161749
2015,6,20215,72.13747806275681,79,1,161749
2015,7,1814,583.0942882471902,317,13,161749
2015,7,1985,6495.5617011236545,679,108,161749
2015,7,2101,2946.843000172263,337,46,161749
2015,7,10822,5064.544049467213,433,58,161749
2015,7,12002,10637.377318731144,1305,166,161749
2015,7,12103,1467.8965758769993,391,46,161749
2015,7,12267,19393.104098276,1713,250,161749
2015,7,13074,16018.606480232624,1903,230,161749
2015,7,15014,365.27760446480943,177,6,161749
2015,7,16892,12597.944551873992,1142,119,161749
2015,7,16917,11914.752184272053,775,124,161749
2015,7,17129,4119.650254700046,233,43,161749
2015,7,17137,1598.4408595396412,365,19,161749
2015,7,17217,1548.7287766422944,137,17,161749
2015,7,17257,5154.593561835038,283,42,161749
2015,7,17642,4638.65869761061,257,54,161749
2015,7,17942,6431.135502112505,457,62,161749
2016,5,1165,0,13,0,188551
2016,5,1360,0,23,0,188551
2016,5,1471,0,23,0,188551
2016,5,1512,0,21,0,188551
2016,5,1516,0,45,0,188551
2016,5,1578,0,13,0,188551
2016,5,1661,0,13,0,188551
2016,5,1749,0,13,0,188551
2016,5,1847,0,63,0,188551
2016,5,2090,0,41,0,188551
2016,5,2142,0,17,0,188551
2016,5,2167,0,47,0,188551
2016,5,2212,0,23,0,188551
2016,5,2252,0,17,0,188551
2016,5,2284,0,13,0,188551
2016,5,2397,0,9,0,188551
2016,5,2478,0,35,0,188551
2016,5,2589,0,19,0,188551
2016,5,2636,0,27,0,188551
2016,5,2802,0,9,0,188551
2016,5,2881,0,13,0,188551
2016,5,2900,0,21,0,188551
2016,5,3054,0,27,0,188551
2016,5,2983,0,17,0,188551
2016,5,3085,0,19,0,188551
2016,5,3086,0,17,0,188551
2016,5,3099,0,9,0,188551
2016,5,3154,0,57,0,188551
2016,5,3288,0,11,0,188551
2016,5,3326,0,17,0,188551
2016,5,3376,0,7,0,188551
2016,5,3394,0,25,0,188551
2016,5,3690,0,53,0,188551
2016,5,3707,0,21,0,188551
2016,5,3716,0,37,0,188551
2016,5,3781,0,17,0,188551
2016,5,3928,0,13,0,188551
2016,5,3954,0,31,0,188551
2016,5,4128,53.88962391942657,17,1,188551
2016,5,4196,0,21,0,188551
2016,5,4224,0,17,0,188551
2016,5,4298,0,65,0,188551
2016,5,4324,0,11,0,188551
2016,5,4536,0,7,0,188551
2016,5,4657,0,13,0,188551
2016,5,4721,0,25,0,188551
2016,5,4774,76.73916068541594,61,1,188551
2016,5,4864,0,7,0,188551
2016,5,5025,51.190213448937556,47,3,188551
2016,5,5079,10.590556585348155,73,2,188551
2016,5,5134,0,11,0,188551
2016,5,5202,1379.1433775853584,123,21,188551
2016,5,5277,0,15,0,188551
2016,5,5285,0,11,0,188551
2016,5,5440,0,15,0,188551
2016,5,5542,0,17,0,188551
2016,5,5570,0,7,0,188551
2016,5,5745,95.96728803574456,17,1,188551
2016,5,5696,400.4042418025916,53,7,188551
2016,5,5810,0,17,0,188551
2016,5,5890,0,21,0,188551
2016,5,5897,0,15,0,188551
2016,5,5938,0,23,0,188551
2016,5,5957,0,13,0,188551
2016,5,6142,51.89489172559878,13,1,188551
2016,5,6097,0,7,0,188551
2016,5,6135,8.622876795879765,15,2,188551
2016,5,6164,0,13,0,188551
2016,5,6191,0,23,0,188551
2016,5,6192,0,37,0,188551
2016,5,6221,51.4922889087092,25,2,188551
2016,5,6265,359.6021094675405,23,4,188551
2016,5,6296,20.20429624520515,31,1,188551
2016,5,6326,0,7,0,188551
2016,5,6352,0,15,0,188551
2016,5,6417,0,11,0,188551
2016,5,6431,398.7257015456082,41,7,188551
2016,5,6497,0,7,0,188551
2016,5,6535,84.44563093821091,21,3,188551
2016,5,6581,0,43,0,188551
2016,5,6618,0,27,0,188551
2016,5,6787,0,17,0,188551
2016,5,6875,0,27,0,188551
2016,5,7119,0,41,0,188551
2016,5,7172,0,15,0,188551
2016,5,7268,169.84386633360862,17,2,188551
2016,5,7296,95.46376618523578,37,6,188551
2016,5,7329,0,11,0,188551
2016,5,7341,0,15,0,188551
2016,5,7343,0,13,0,188551
2016,5,7357,0,17,0,188551
2016,5,7494,19.932133215549367,21,1,188551
2016,5,7502,50.09563390360068,53,1,188551
2016,5,7696,0,25,0,188551
2016,5,9208,0,13,0,188551
2016,5,10305,523.8405082839109,49,8,188551
2016,5,10344,0,29,0,188551
2016,5,10395,0,35,0,188551
2016,5,7728,0,29,0,188551
2016,5,7807,38.56094995324267,11,1,188551
2016,5,7868,0,7,0,188551
2016,5,7895,60.38110548126757,19,2,188551
2016,5,7913,65.8780888995567,15,1,188551
2016,5,8056,0,15,0,188551
2016,5,8129,0,9,0,188551
2016,5,8192,9.126800015769572,7,1,188551
2016,5,8463,0,11,0,188551
2016,5,8534,0,15,0,188551
2016,5,8577,128.84499382299003,51,9,188551
2016,5,8704,0,13,0,188551
2016,5,8869,140.06876210278864,35,2,188551
2016,5,8944,0,19,0,188551
2016,5,9126,0,21,0,188551
2016,5,9349,0,13,0,188551
2016,5,9600,66.3438890589229,55,3,188551
2016,5,9796,0,15,0,188551
2016,5,9798,167.35909521306976,41,6,188551
2016,5,9871,409.00545257105,55,4,188551
2016,5,9925,0,17,0,188551
2016,5,9972,55.56271070519179,9,1,188551
2016,5,10002,40.025062332794846,49,5,188551
2016,5,10083,0,15,0,188551
2016,5,10166,0,27,0,188551
2016,5,10201,0,7,0,188551
2016,5,10228,0,17,0,188551
2016,5,10234,15.819236518705605,25,1,188551
2016,5,10585,795.0690521004344,37,8,188551
2016,5,11198,131.77337160957998,43,5,188551
2016,5,11469,0,9,0,188551
2016,5,11500,165.57136523776907,19,3,188551
2016,5,11524,835.714788202466,73,25,188551
2016,5,11639,72.6116819338898,31,2,188551
2016,5,11763,0,9,0,188551
2016,5,11766,20.564283598079353,25,1,188551
2016,5,11894,0,29,0,188551
2016,5,11990,50.885707307181235,37,1,188551
2016,5,12092,788.4239702275376,33,8,188551
2016,5,12266,118.93792594372655,21,3,188551
2016,5,12430,0,11,0,188551
2016,5,12793,0,9,0,188551
2016,5,12657,0,23,0,188551
2016,5,12804,6.273898010655314,55,1,188551
2016,5,13003,0,49,0,188551
2016,5,13138,5.88112252075715,29,1,188551
2016,5,13189,140.86653091325908,13,3,188551
2016,5,13468,0,19,0,188551
2016,5,13475,0,13,0,188551
2016,5,13486,0,13,0,188551
2016,5,13522,424.2073233537929,29,6,188551
2016,5,13790,28.70484519743888,33,2,188551
2016,5,13817,0,25,0,188551
2016,5,13830,0,9,0,188551
2016,5,13852,0,13,0,188551
2016,5,13868,0,35,0,188551
2016,5,13881,755.5482227303115,47,11,188551
2016,5,14020,28.02995906506685,27,2,188551
2016,5,14124,0,35,0,188551
2016,5,14219,0,55,0,188551
2016,5,14363,574.0713800930589,57,9,188551
2016,5,14418,4.790909730336413,27,1,188551
2016,5,14421,171.55116730863736,27,11,188551
2016,5,14459,84.52964887469577,9,1,188551
2016,5,14626,0,25,0,188551
2016,5,14682,0,17,0,188551
2016,5,14738,0,7,0,188551
2016,5,14756,0,37,0,188551
2016,5,14967,0,15,0,188551
2016,5,15002,0,9,0,188551
2016,5,15030,84.9894497169959,25,2,188551
2016,5,15052,0,57,0,188551
2016,5,15293,0,29,0,188551
2016,5,15134,0,13,0,188551
2016,5,15154,133.77884608518733,15,2,188551
2016,5,15178,0,13,0,188551
2016,5,15219,0,25,0,188551
2016,5,15253,0,7,0,188551
2016,5,15476,76.60953191695809,31,2,188551
2016,5,15531,47.472925829120754,31,1,188551
2016,5,15563,0,29,0,188551
2016,5,15615,0,15,0,188551
2016,5,15700,0,9,0,188551
2016,5,15711,313.69862170015693,33,3,188551
2016,5,15743,361.48658741748704,23,4,188551
2016,5,15752,443.78607219519364,41,6,188551
2016,5,15770,0,11,0,188551
2016,5,15790,0,11,0,188551
2016,5,15913,12.526515436791701,21,2,188551
2016,5,15971,0,25,0,188551
2016,5,15977,0,23,0,188551
2016,5,15996,0,21,0,188551
2016,5,16022,0,23,0,188551
2016,5,16025,61.314909664122304,109,8,188551
2016,5,16060,0,13,0,188551
2016,5,16091,29.538690503438254,33,2,188551
2016,5,16113,0,15,0,188551
2016,5,16140,0,29,0,188551
2016,5,16171,0,7,0,188551
2016,5,16195,0,11,0,188551
2016,5,16257,2393.207202464996,81,17,188551
2016,5,16284,0,11,0,188551
2016,5,16366,0,9,0,188551
2016,5,16407,0,9,0,188551
2016,5,16531,0,15,0,188551
2016,5,16573,588.6908902338376,23,6,188551
2016,5,16577,0,9,0,188551
2016,5,16603,0,23,0,188551
2016,5,16626,0,21,0,188551
2016,5,16707,0,27,0,188551
2016,5,16726,0,19,0,188551
2016,5,16735,30.061673047407893,9,1,188551
2016,5,16783,0,9,0,188551
2016,5,16798,0,15,0,188551
2016,5,16854,115.20792768050688,21,2,188551
2016,5,16878,203.7082950057966,31,3,188551
2016,5,16885,749.5753117305874,47,8,188551
2016,5,16999,0,11,0,188551
2016,5,17025,0,45,0,188551
2016,5,17198,108.4592978359483,17,1,188551
2016,5,17245,16.156111200669876,15,1,188551
2016,5,17330,548.5217840571873,31,7,188551
2016,5,17345,0,11,0,188551
2016,5,17400,44.31640668111688,27,1,188551
2016,5,17457,0,25,0,188551
2016,5,17504,0,13,0,188551
2016,5,17526,1957.464683945005,61,14,188551
2016,5,17601,0,13,0,188551
2016,5,17616,0,9,0,188551
2016,5,17793,19.529842301914552,23,1,188551
2016,5,17813,0,35,0,188551
2016,5,17837,1394.8279975211603,63,14,188551
2016,5,17844,0,13,0,188551
2016,5,17903,0,7,0,188551
2016,5,17934,126.08921026371002,17,1,188551
2016,5,18055,0,21,0,188551
2016,5,18471,0,11,0,188551
2016,5,18452,36.2890720594133,15,1,188551
2016,5,18516,0,23,0,188551
2016,5,18559,0,15,0,188551
2016,5,18575,329.8545740367555,35,4,188551
2016,5,18782,0,19,0,188551
2016,5,18845,0,11,0,188551
2016,5,18876,0,31,0,188551
2016,5,18884,0,13,0,188551
2016,5,18892,111.83457505590802,7,1,188551
2016,5,18912,5.317228915426135,23,1,188551
2016,5,18994,108.30283573055466,23,2,188551
2016,5,19045,0,11,0,188551
2016,5,19189,84.35865916930024,33,1,188551
2016,5,19213,209.72924786982912,37,3,188551
2016,5,19222,424.6135375612352,39,4,188551
2016,5,19251,0,59,0,188551
2016,5,19252,0,9,0,188551
2016,5,19323,909.0798790795669,71,11,188551
2016,5,19444,0,9,0,188551
2016,5,19533,0,39,0,188551
2016,5,19646,387.8872252109002,47,5,188551
2016,5,19780,0,7,0,188551
2016,5,19901,0,19,0,188551
2016,5,19966,0,11,0,188551
2016,5,19982,0,7,0,188551
2016,5,20166,0,13,0,188551
2016,5,20217,0,13,0,188551
2016,5,20268,106.7683228931922,39,1,188551
2016,5,20282,0,35,0,188551
2016,5,20325,0,17,0,188551
2016,5,20613,38.913142237500146,57,1,188551
2016,5,20616,0,13,0,188551
2016,5,20697,0,35,0,188551
2016,5,20700,0,51,0,188551
2016,5,20753,0,11,0,188551
2016,5,20760,0,23,0,188551
2016,6,1361,0,149,0,188551
2016,6,2026,961.5493903173168,127,19,188551
2016,6,2178,0,87,0,188551
2016,6,2191,1504.2762395852055,201,22,188551
2016,6,2244,0,57,0,188551
2016,6,2548,0,43,0,188551
2016,6,2919,0,67,0,188551
2016,6,2978,0,41,0,188551
2016,6,3008,53.05133635339292,109,1,188551
2016,6,3202,175.93671862939897,193,7,188551
2016,6,3881,2297.2573553306656,289,33,188551
2016,6,4014,0,65,0,188551
2016,6,4933,1533.1335771699485,191,28,188551
2016,6,5361,40.03989150227301,83,3,188551
2016,6,6356,944.705655399419,149,11,188551
2016,6,6665,409.0271185984714,71,9,188551
2016,6,6863,0,47,0,188551
2016,6,7044,799.1486212890777,85,13,188551
2016,6,7217,227.336640602769,37,6,188551
2016,6,7247,0,27,0,188551
2016,6,7397,144.69207809888454,57,7,188551
2016,6,8150,948.6786232075939,133,15,188551
2016,6,7732,772.0893434606303,77,8,188551
2016,6,7874,4.972955034718381,39,1,188551
2016,6,8668,136.9805243025583,75,6,188551
2016,6,8732,343.20157049303714,43,5,188551
2016,6,9269,202.96306951809504,49,3,188551
2016,6,9314,20.82548504361088,41,1,188551
2016,6,9989,640.7110819583362,69,9,188551
2016,6,10295,90.98317049737699,59,7,188551
2016,6,10510,1388.6191969059128,307,32,188551
2016,6,10735,2279.1758665896136,133,24,188551
2016,6,10832,2641.9644272225964,117,27,188551
2016,6,12218,1121.8515669742874,91,17,188551
2016,6,12441,481.7403827270511,125,15,188551
2016,6,12731,0,25,0,188551
2016,6,12847,0,45,0,188551
2016,6,13326,429.58263125504806,69,20,188551
2016,6,14045,832.5552028865444,75,12,188551
2016,6,14438,0,115,0,188551
2016,6,14696,301.0053179343705,57,6,188551
2016,6,14936,72.7571250551579,75,1,188551
2016,6,14968,290.10929714787954,37,4,188551
2016,6,15093,432.74812473224927,75,6,188551
2016,6,15361,0,105,0,188551
2016,6,15428,1208.6750425967614,131,20,188551
2016,6,15448,0,41,0,188551
2016,6,15618,0,41,0,188551
2016,6,16183,2253.2928789828807,145,20,188551
2016,6,16349,152.9555258054446,43,2,188551
2016,6,16468,2412.970904802943,109,24,188551
2016,6,16629,5026.0969943814835,197,35,188551
2016,6,16632,136.99207879549172,89,9,188551
2016,6,16660,109.53892889534104,29,3,188551
2016,6,16669,164.47777994743342,73,2,188551
2016,6,16849,529.9622040608626,109,8,188551
2016,6,16877,525.8160659843106,79,8,188551
2016,6,16960,649.5004063458916,213,7,188551
2016,6,17067,118.74145588344412,47,2,188551
2016,6,17426,2429.773554871656,95,14,188551
2016,6,17487,2239.3216439924254,95,17,188551
2016,6,17748,1765.8171143274128,91,18,188551
2016,6,17807,3833.318787110958,131,28,188551
2016,6,18300,350.2953780591914,45,5,188551
2016,6,18307,3600.895291939631,209,37,188551
2016,6,18524,0,29,0,188551
2016,6,18944,347.4777909579126,57,4,188551
2016,6,19619,2357.9870112242993,179,18,188551
2016,6,19622,844.1246488171323,61,9,188551
2016,6,20036,484.77091819984724,95,7,188551
2016,6,20215,71.04621884344301,79,1,188551
2016,7,1814,561.2102525355381,317,13,188551
2016,7,1985,6275.439435842691,679,110,188551
2016,7,2101,2826.4642304762338,337,46,188551
2016,7,10822,4971.287817105928,433,58,188551
2016,7,12002,11999.795293854284,1305,167,188551
2016,7,12103,1739.2557893612363,391,46,188551
2016,7,12267,25716.976955519815,1713,250,188551
2016,7,13074,17367.40120417571,1903,231,188551
2016,7,15014,369.5501213972146,177,6,188551
2016,7,16892,13670.361301907738,1142,119,188551
2016,7,16917,15541.916793862289,775,125,188551
2016,7,17129,6140.109644222967,233,43,188551
2016,7,17137,2326.79796016438,365,19,188551
2016,7,17217,2293.0275754433737,137,17,188551
2016,7,17257,5251.978271393826,283,42,188551
2016,7,17642,6743.328887187346,257,54,188551
2016,7,17942,7560.659241361239,457,63,188551
2017,5,1165,0,13,0,278166
2017,5,1360,0,23,0,278166
2017,5,1471,0,23,0,278166
2017,5,1512,0,21,0,278166
2017,5,1516,0,45,0,278166
2017,5,1578,0,13,0,278166
2017,5,1661,0,13,0,278166
2017,5,1749,0,13,0,278166
2017,5,1847,0,63,0,278166
2017,5,2090,0,41,0,278166
2017,5,2142,0,17,0,278166
2017,5,2167,0,47,0,278166
2017,5,2212,0,23,0,278166
2017,5,2252,0,17,0,278166
2017,5,2284,0,13,0,278166
2017,5,2397,0,9,0,278166
2017,5,2478,0,35,0,278166
2017,5,2589,0,19,0,278166
2017,5,2636,0,27,0,278166
2017,5,2802,0,9,0,278166
2017,5,2881,0,13,0,278166
2017,5,2900,0,21,0,278166
2017,5,3054,0,27,0,278166
2017,5,2983,0,17,0,278166
2017,5,3085,0,19,0,278166
2017,5,3086,0,17,0,278166
2017,5,3099,0,9,0,278166
2017,5,3154,0,57,0,278166
2017,5,3288,0,11,0,278166
2017,5,3326,0,17,0,278166
2017,5,3376,0,7,0,278166
2017,5,3394,0,25,0,278166
2017,5,3690,0,53,0,278166
2017,5,3707,0,21,0,278166
2017,5,3716,0,37,0,278166
2017,5,3781,0,17,0,278166
2017,5,3928,0,13,0,278166
2017,5,3954,0,31,0,278166
2017,5,4128,124.2031769389907,17,1,278166
2017,5,4196,0,21,0,278166
2017,5,4224,0,17,0,278166
2017,5,4298,0,65,0,278166
2017,5,4324,0,11,0,278166
2017,5,4536,0,7,0,278166
2017,5,4657,0,13,0,278166
2017,5,4721,0,25,0,278166
2017,5,4774,139.37936527225574,61,1,278166
2017,5,4864,0,7,0,278166
2017,5,5025,72.9447807446941,47,4,278166
2017,5,5079,104.2529147768606,73,5,278166
2017,5,5134,0,11,0,278166
2017,5,5202,2656.4494808884406,123,22,278166
2017,5,5277,0,15,0,278166
2017,5,5285,0,11,0,278166
2017,5,5440,0,15,0,278166
2017,5,5542,0,17,0,278166
2017,5,5570,0,7,0,278166
2017,5,5745,111.00996703629396,17,1,278166
2017,5,5696,876.8953463842491,53,7,278166
2017,5,5810,0,17,0,278166
2017,5,5890,0,21,0,278166
2017,5,5897,0,15,0,278166
2017,5,5938,0,23,0,278166
2017,5,5957,0,13,0,278166
2017,5,6142,24.26727986150222,13,1,278166
2017,5,6097,0,7,0,278166
2017,5,6135,89.10105092836136,15,2,278166
2017,5,6164,0,13,0,278166
2017,5,6191,0,23,0,278166
2017,5,6192,0,37,0,278166
2017,5,6221,26.938970160531547,25,2,278166
2017,5,6265,303.29914091788316,23,4,278166
2017,5,6296,74.26866275039173,31,1,278166
2017,5,6326,0,7,0,278166
2017,5,6352,0,15,0,278166
2017,5,6417,0,11,0,278166
2017,5,6431,968.0292978805719,41,7,278166
2017,5,6497,0,7,0,278166
2017,5,6535,87.23972450208043,21,3,278166
2017,5,6581,0,43,0,278166
2017,5,6618,0,27,0,278166
2017,5,6787,0,17,0,278166
2017,5,6875,0,27,0,278166
2017,5,7119,0,41,0,278166
2017,5,7172,0,15,0,278166
2017,5,7268,184.50566527723964,17,2,278166
2017,5,7296,16.839899122909323,37,2,278166
2017,5,7329,0,11,0,278166
2017,5,7341,0,15,0,278166
2017,5,7343,0,13,0,278166
2017,5,7357,0,17,0,278166
2017,5,7494,14.62294566616042,21,1,278166
2017,5,7502,104.21860334979138,53,1,278166
2017,5,7696,0,25,0,278166
2017,5,9208,0,13,0,278166
2017,5,10305,2018.5619906938566,49,8,278166
2017,5,10344,0,29,0,278166
2017,5,10395,0,35,0,278166
2017,5,7728,0,29,0,278166
2017,5,7807,53.80100538454827,11,1,278166
2017,5,7868,0,7,0,278166
2017,5,7895,75.32468731227206,19,2,278166
2017,5,7913,358.421277947829,15,1,278166
2017,5,8056,0,15,0,278166
2017,5,8129,0,9,0,278166
2017,5,8192,0,7,0,278166
2017,5,8463,0,11,0,278166
2017,5,8534,0,15,0,278166
2017,5,8577,265.7752640949413,51,9,278166
2017,5,8704,0,13,0,278166
2017,5,8869,128.75277166359672,35,2,278166
2017,5,8944,0,19,0,278166
2017,5,9126,0,21,0,278166
2017,5,9349,0,13,0,278166
2017,5,9600,104.99572881341973,55,3,278166
2017,5,9796,0,15,0,278166
2017,5,9798,109.73092420484878,41,6,278166
2017,5,9871,481.3866614118338,55,4,278166
2017,5,9925,0,17,0,278166
2017,5,9972,228.13024734655588,9,1,278166
2017,5,10002,122.62358583817871,49,5,278166
2017,5,10083,0,15,0,278166
2017,5,10166,0,27,0,278166
2017,5,10201,0,7,0,278166
2017,5,10228,0,17,0,278166
2017,5,10234,24.066174831699964,25,1,278166
2017,5,10585,821.9754729812598,37,8,278166
2017,5,11198,180.60855748791067,43,5,278166
2017,5,11469,0,9,0,278166
2017,5,11500,308.21772684720474,19,3,278166
2017,5,11524,1105.5648787732994,73,24,278166
2017,5,11639,67.75738535399262,31,2,278166
2017,5,11763,0,9,0,278166
2017,5,11766,50.88278111575594,25,1,278166
2017,5,11894,0,29,0,278166
2017,5,11990,114.452749716638,37,1,278166
2017,5,12092,943.4132771098288,33,8,278166
2017,5,12266,686.266017858911,21,3,278166
2017,5,12430,0,11,0,278166
2017,5,12793,0,9,0,278166
2017,5,12657,8.555807230119488,23,1,278166
2017,5,12804,260.3892192741766,55,12,278166
2017,5,13003,0,49,0,278166
2017,5,13138,14.506564596353194,29,1,278166
2017,5,13189,303.8509172607867,13,3,278166
2017,5,13468,0,19,0,278166
2017,5,13475,0,13,0,278166
2017,5,13486,0,13,0,278166
2017,5,13522,2000.9400152497367,29,6,278166
2017,5,13790,18.414929309948835,33,2,278166
2017,5,13817,0,25,0,278166
2017,5,13830,0,9,0,278166
2017,5,13852,0,13,0,278166
2017,5,13868,0,35,0,278166
2017,5,13881,1376.5465411762175,47,11,278166
2017,5,14020,8.472027517669618,27,1,278166
2017,5,14124,0,35,0,278166
2017,5,14219,0,55,0,278166
2017,5,14363,883.5121319359131,57,9,278166
2017,5,14418,27.82071918875768,27,3,278166
2017,5,14421,310.5140388312037,27,11,278166
2017,5,14459,409.52634235661617,9,1,278166
2017,5,14626,68.60696904242813,25,3,278166
2017,5,14682,0,17,0,278166
2017,5,14738,0,7,0,278166
2017,5,14756,0,37,0,278166
2017,5,14967,0,15,0,278166
2017,5,15002,0,9,0,278166
2017,5,15030,117.50960079005517,25,2,278166
2017,5,15052,0,57,0,278166
2017,5,15293,0,29,0,278166
2017,5,15134,0,13,0,278166
2017,5,15154,273.78283956227426,15,2,278166
2017,5,15178,0,13,0,278166
2017,5,15219,0,25,0,278166
2017,5,15253,0,7,0,278166
2017,5,15476,98.98704726926232,31,2,278166
2017,5,15531,28.297249650599035,31,1,278166
2017,5,15563,0,29,0,278166
2017,5,15615,0,15,0,278166
2017,5,15700,0,9,0,278166
2017,5,15711,361.52383871813856,33,3,278166
2017,5,15743,406.10732947912055,23,4,278166
2017,5,15752,491.5109967027662,41,6,278166
2017,5,15770,0,11,0,278166
2017,5,15790,0,11,0,278166
2017,5,15913,60.614308450212725,21,3,278166
2017,5,15971,0,25,0,278166
2017,5,15977,0,23,0,278166
2017,5,15996,0,21,0,278166
2017,5,16022,0,23,0,278166
2017,5,16025,259.792683142738,109,10,278166
2017,5,16060,0,13,0,278166
2017,5,16091,139.84232516765852,33,2,278166
2017,5,16113,0,15,0,278166
2017,5,16140,0,29,0,278166
2017,5,16171,0,7,0,278166
2017,5,16195,0,11,0,278166
2017,5,16257,2512.1057100983558,81,17,278166
2017,5,16284,0,11,0,278166
2017,5,16366,0,9,0,278166
2017,5,16407,0,9,0,278166
2017,5,16531,0,15,0,278166
2017,5,16573,681.9283025421903,23,6,278166
2017,5,16577,0,9,0,278166
2017,5,16603,0,23,0,278166
2017,5,16626,0,21,0,278166
2017,5,16707,0,27,0,278166
2017,5,16726,0,19,0,278166
2017,5,16735,19.03213341098006,9,1,278166
2017,5,16783,0,9,0,278166
2017,5,16798,0,15,0,278166
2017,5,16854,110.63053584189936,21,2,278166
2017,5,16878,213.88538060618322,31,3,278166
2017,5,16885,803.1972459454705,47,9,278166
2017,5,16999,0,11,0,278166
2017,5,17025,0,45,0,278166
2017,5,17198,100.05962158968138,17,1,278166
2017,5,17245,50.66028360552569,15,1,278166
2017,5,17330,702.2559324499811,31,7,278166
2017,5,17345,0,11,0,278166
2017,5,17400,85.41056925981566,27,1,278166
2017,5,17457,0,25,0,278166
2017,5,17504,0,13,0,278166
2017,5,17526,2457.337482588977,61,14,278166
2017,5,17601,0,13,0,278166
2017,5,17616,0,9,0,278166
2017,5,17793,14.447846726655795,23,1,278166
2017,5,17813,0,35,0,278166
2017,5,17837,1559.5217360980462,63,14,278166
2017,5,17844,0,13,0,278166
2017,5,17903,0,7,0,278166
2017,5,17934,129.84960705328032,17,1,278166
2017,5,18055,0,21,0,278166
2017,5,18471,0,11,0,278166
2017,5,18452,27.718351396791856,15,1,278166
2017,5,18516,0,23,0,278166
2017,5,18559,0,15,0,278166
2017,5,18575,394.8546664847561,35,4,278166
2017,5,18782,0,19,0,278166
2017,5,18845,0,11,0,278166
2017,5,18876,0,31,0,278166
2017,5,18884,0,13,0,278166
2017,5,18892,140.93229244609094,7,1,278166
2017,5,18912,8.456177299714886,23,1,278166
2017,5,18994,125.95943850231879,23,2,278166
2017,5,19045,0,11,0,278166
2017,5,19189,98.61629700611418,33,1,278166
2017,5,19213,334.7506590647307,37,3,278166
2017,5,19222,535.9763964936683,39,4,278166
2017,5,19251,0,59,0,278166
2017,5,19252,0,9,0,278166
2017,5,19323,1060.6682132250348,71,11,278166
2017,5,19444,0,9,0,278166
2017,5,19533,0,39,0,278166
2017,5,19646,324.4297716030809,47,5,278166
2017,5,19780,0,7,0,278166
2017,5,19901,0,19,0,278166
2017,5,19966,0,11,0,278166
2017,5,19982,0,7,0,278166
2017,5,20166,0,13,0,278166
2017,5,20217,0,13,0,278166
2017,5,20268,98.39164857805147,39,1,278166
2017,5,20282,0,35,0,278166
2017,5,20325,0,17,0,278166
2017,5,20613,41.87539401155981,57,1,278166
2017,5,20616,0,13,0,278166
2017,5,20697,0,35,0,278166
2017,5,20700,0,51,0,278166
2017,5,20753,0,11,0,278166
2017,5,20760,0,23,0,278166
2017,6,1361,0,149,0,278166
2017,6,2026,2069.3200690536446,127,19,278166
2017,6,2178,0,87,0,278166
2017,6,2191,2733.073674307737,201,23,278166
2017,6,2244,0,57,0,278166
2017,6,2548,0,43,0,278166
2017,6,2919,0,67,0,278166
2017,6,2978,0,41,0,278166
2017,6,3008,123.02709553868551,109,1,278166
2017,6,3202,547.5407141055899,193,7,278166
2017,6,3881,4143.033292484009,289,33,278166
2017,6,4014,0,65,0,278166
2017,6,4933,2978.9903160091603,191,28,278166
2017,6,5361,132.3477802250581,83,6,278166
2017,6,6356,1086.136886940866,149,12,278166
2017,6,6665,965.9963973126105,71,9,278166
2017,6,6863,0,47,0,278166
2017,6,7044,1798.1036856010526,85,13,278166
2017,6,7217,306.06163738270476,37,6,278166
2017,6,7247,0,27,0,278166
2017,6,7397,46.26239784365664,57,3,278166
2017,6,8150,926.9867015940108,133,15,278166
2017,6,7732,679.602984586538,77,9,278166
2017,6,7874,8.946755906502432,39,1,278166
2017,6,8668,180.5588959154429,75,6,278166
2017,6,8732,1691.0280483779638,43,5,278166
2017,6,9269,274.1041269770225,49,3,278166
2017,6,9314,15.261459071412338,41,1,278166
2017,6,9989,2534.4511878838334,69,9,278166
2017,6,10295,208.45197368423263,59,7,278166
2017,6,10510,2758.1713351486283,307,32,278166
2017,6,10735,2433.8765653201754,133,24,278166
2017,6,10832,8846.372449675413,117,27,278166
2017,6,12218,4336.947516964804,91,18,278166
2017,6,12441,2434.5326257333027,125,25,278166
2017,6,12731,0,25,0,278166
2017,6,12847,0,45,0,278166
2017,6,13326,666.9642483183487,69,22,278166
2017,6,14045,1537.9197196669375,75,12,278166
2017,6,14438,0,115,0,278166
2017,6,14696,615.9511321208881,57,6,278166
2017,6,14936,81.81171512099027,75,1,278166
2017,6,14968,363.3475143083348,37,4,278166
2017,6,15093,511.24581377218607,75,6,278166
2017,6,15361,0,105,0,278166
2017,6,15428,2730.361159065035,131,20,278166
2017,6,15448,0,41,0,278166
2017,6,15618,0,41,0,278166
2017,6,16183,2587.6348160579532,145,20,278166
2017,6,16349,140.0089917487077,43,2,278166
2017,6,16468,2601.227732341949,109,25,278166
2017,6,16629,6281.324834858103,197,35,278166
2017,6,16632,664.7398071404949,89,12,278166
2017,6,16660,57.84307017189603,29,3,278166
2017,6,16669,203.11935249924224,73,2,278166
2017,6,16849,511.12629205955074,109,8,278166
2017,6,16877,562.6567305153517,79,8,278166
2017,6,16960,814.1933855348467,213,7,278166
2017,6,17067,130.05252519925546,47,2,278166
2017,6,17426,2842.152971129244,95,14,278166
2017,6,17487,2863.8453567725096,95,17,278166
2017,6,17748,2028.66646682447,91,18,278166
2017,6,17807,4895.632884885158,131,28,278166
2017,6,18300,444.78135207806497,45,4,278166
2017,6,18307,3058.73262271625,209,37,278166
2017,6,18524,0,29,0,278166
2017,6,18944,420.16876012553325,57,4,278166
2017,6,19619,2221.789117997123,179,18,278166
2017,6,19622,737.5758533054707,61,9,278166
2017,6,20036,454.5053846320105,95,7,278166
2017,6,20215,70.28757034802872,79,1,278166
2017,7,1814,1454.9521107922722,317,13,278166
2017,7,1985,13531.53451986613,679,110,278166
2017,7,2101,5457.339613663778,337,47,278166
2017,7,10822,6259.710056093865,433,57,278166
2017,7,12002,28297.042416142795,1305,181,278166
2017,7,12103,3379.8636442394823,391,46,278166
2017,7,12267,33267.90173420224,1713,251,278166
2017,7,13074,35019.55484995691,1903,244,278166
2017,7,15014,597.6492478028085,177,6,278166
2017,7,16892,13177.270310673477,1142,119,278166
2017,7,16917,17917.480673922677,775,124,278166
2017,7,17129,7542.642669077745,233,43,278166
2017,7,17137,2759.0123519177864,365,19,278166
2017,7,17217,2964.4741879258786,137,17,278166
2017,7,17257,4693.583316815555,283,42,278166
2017,7,17642,8310.589753633945,257,54,278166
2017,7,17942,8100.989710582256,457,62,278166
2018,5,1165,0,13,0,177679
2018,5,1360,0,23,0,177679
2018,5,1471,0,23,0,177679
2018,5,1512,0,21,0,177679
2018,5,1516,0,45,0,177679
2018,5,1578,0,13,0,177679
2018,5,1661,0,13,0,177679
2018,5,1749,0,13,0,177679
2018,5,1847,0,63,0,177679
2018,5,2090,0,41,0,177679
2018,5,2142,0,17,0,177679
2018,5,2167,0,47,0,177679
2018,5,2212,0,23,0,177679
2018,5,2252,0,17,0,177679
2018,5,2284,0,13,0,177679
2018,5,2397,0,9,0,177679
2018,5,2478,0,35,0,177679
2018,5,2589,0,19,0,177679
2018,5,2636,0,27,0,177679
2018,5,2802,0,9,0,177679
2018,5,2881,0,13,0,177679
2018,5,2900,0,21,0,177679
2018,5,3054,0,27,0,177679
2018,5,2983,0,17,0,177679
2018,5,3085,0,19,0,177679
2018,5,3086,0,17,0,177679
2018,5,3099,0,9,0,177679
2018,5,3154,0,57,0,177679
2018,5,3288,0,11,0,177679
2018,5,3326,0,17,0,177679
2018,5,3376,0,7,0,177679
2018,5,3394,0,25,0,177679
2018,5,3690,0,53,0,177679
2018,5,3707,0,21,0,177679
2018,5,3716,0,37,0,177679
2018,5,3781,0,17,0,177679
2018,5,3928,0,13,0,177679
2018,5,3954,0,31,0,177679
2018,5,4128,68.73456179850298,17,1,177679
2018,5,4196,0,21,0,177679
2018,5,4224,0,17,0,177679
2018,5,4298,0,65,0,177679
2018,5,4324,0,11,0,177679
2018,5,4536,0,7,0,177679
2018,5,4657,0,13,0,177679
2018,5,4721,0,25,0,177679
2018,5,4774,127.09367514094065,61,1,177679
2018,5,4864,0,7,0,177679
2018,5,5025,0,47,0,177679
2018,5,5079,0,73,0,177679
2018,5,5134,0,11,0,177679
2018,5,5202,2119.4379855594066,123,22,177679
2018,5,5277,0,15,0,177679
2018,5,5285,0,11,0,177679
2018,5,5440,0,15,0,177679
2018,5,5542,0,17,0,177679
2018,5,5570,0,7,0,177679
2018,5,5745,33.06222296624917,17,1,177679
2018,5,5696,619.549051670477,53,7,177679
2018,5,5810,0,17,0,177679
2018,5,5890,0,21,0,177679
2018,5,5897,0,15,0,177679
2018,5,5938,0,23,0,177679
2018,5,5957,0,13,0,177679
2018,5,6142,29.991806727912557,13,1,177679
2018,5,6097,0,7,0,177679
2018,5,6135,0,15,0,177679
2018,5,6164,0,13,0,177679
2018,5,6191,0,23,0,177679
2018,5,6192,0,37,0,177679
2018,5,6221,24.001672526943267,25,2,177679
2018,5,6265,451.9138964935103,23,4,177679
2018,5,6296,7.154748621558548,31,1,177679
2018,5,6326,0,7,0,177679
2018,5,6352,0,15,0,177679
2018,5,6417,0,11,0,177679
2018,5,6431,649.4562214347304,41,7,177679
2018,5,6497,0,7,0,177679
2018,5,6535,180.31618584264115,21,3,177679
2018,5,6581,0,43,0,177679
2018,5,6618,0,27,0,177679
2018,5,6787,0,17,0,177679
2018,5,6875,0,27,0,177679
2018,5,7119,0,41,0,177679
2018,5,7172,0,15,0,177679
2018,5,7268,105.14697618688085,17,2,177679
2018,5,7296,14.772413530818532,37,2,177679
2018,5,7329,0,11,0,177679
2018,5,7341,0,15,0,177679
2018,5,7343,0,13,0,177679
2018,5,7357,0,17,0,177679
2018,5,7494,9.999491575392325,21,1,177679
2018,5,7502,68.22985093343296,53,1,177679
2018,5,7696,0,25,0,177679
2018,5,9208,0,13,0,177679
2018,5,10305,1106.7914828097082,49,8,177679
2018,5,10344,0,29,0,177679
2018,5,10395,0,35,0,177679
2018,5,7728,0,29,0,177679
2018,5,7807,20.12476741953448,11,1,177679
2018,5,7868,0,7,0,177679
2018,5,7895,40.16974075268105,19,2,177679
2018,5,7913,161.49036874456877,15,1,177679
2018,5,8056,0,15,0,177679
2018,5,8129,0,9,0,177679
2018,5,8192,0,7,0,177679
2018,5,8463,0,11,0,177679
2018,5,8534,0,15,0,177679
2018,5,8577,45.948424420294515,51,6,177679
2018,5,8704,0,13,0,177679
2018,5,8869,88.89622172036711,35,2,177679
2018,5,8944,0,19,0,177679
2018,5,9126,0,21,0,177679
2018,5,9349,0,13,0,177679
2018,5,9600,24.357758078944364,55,3,177679
2018,5,9796,0,15,0,177679
2018,5,9798,132.43704288374596,41,6,177679
2018,5,9871,345.68130637842296,55,4,177679
2018,5,9925,0,17,0,177679
2018,5,9972,99.919932814854,9,1,177679
2018,5,10002,21.422138663740085,49,3,177679
2018,5,10083,0,15,0,177679
2018,5,10166,0,27,0,177679
2018,5,10201,0,7,0,177679
2018,5,10228,0,17,0,177679
2018,5,10234,6.977049081628008,25,1,177679
2018,5,10585,876.3037481127482,37,8,177679
2018,5,11198,91.40650083062198,43,5,177679
2018,5,11469,0,9,0,177679
2018,5,11500,270.4178180020138,19,3,177679
2018,5,11524,445.55927958672845,73,24,177679
2018,5,11639,121.99546559211385,31,2,177679
2018,5,11763,0,9,0,177679
2018,5,11766,15.616331298365129,25,1,177679
2018,5,11894,0,29,0,177679
2018,5,11990,92.12988340072242,37,1,177679
2018,5,12092,274.62924948545754,33,8,177679
2018,5,12266,286.82462169712164,21,3,177679
2018,5,12430,0,11,0,177679
2018,5,12793,0,9,0,177679
2018,5,12657,0,23,0,177679
2018,5,12804,9.470415945654468,55,1,177679
2018,5,13003,0,49,0,177679
2018,5,13138,0,29,0,177679
2018,5,13189,191.49847373766528,13,3,177679
2018,5,13468,0,19,0,177679
2018,5,13475,0,13,0,177679
2018,5,13486,0,13,0,177679
2018,5,13522,894.7700499732621,29,6,177679
2018,5,13790,46.61633071296373,33,2,177679
2018,5,13817,0,25,0,177679
2018,5,13830,0,9,0,177679
2018,5,13852,0,13,0,177679
2018,5,13868,0,35,0,177679
2018,5,13881,1244.680061235246,47,11,177679
2018,5,14020,7.497225245976476,27,1,177679
2018,5,14124,0,35,0,177679
2018,5,14219,0,55,0,177679
2018,5,14363,1002.8179314100347,57,9,177679
2018,5,14418,22.68637942930653,27,2,177679
2018,5,14421,119.18088140043439,27,9,177679
2018,5,14459,200.30172100272168,9,1,177679
2018,5,14626,0,25,0,177679
2018,5,14682,0,17,0,177679
2018,5,14738,0,7,0,177679
2018,5,14756,0,37,0,177679
2018,5,14967,0,15,0,177679
2018,5,15002,0,9,0,177679
2018,5,15030,52.3182114158368,25,2,177679
2018,5,15052,0,57,0,177679
2018,5,15293,0,29,0,177679
2018,5,15134,0,13,0,177679
2018,5,15154,222.45687048617606,15,2,177679
2018,5,15178,0,13,0,177679
2018,5,15219,0,25,0,177679
2018,5,15253,0,7,0,177679
2018,5,15476,138.27501892676375,31,2,177679
2018,5,15531,70.23626383053049,31,1,177679
2018,5,15563,0,29,0,177679
2018,5,15615,0,15,0,177679
2018,5,15700,0,9,0,177679
2018,5,15711,245.7212344365969,33,3,177679
2018,5,15743,242.47600072993907,23,4,177679
2018,5,15752,452.12781257713516,41,6,177679
2018,5,15770,0,11,0,177679
2018,5,15790,0,11,0,177679
2018,5,15913,19.125268093856555,21,2,177679
2018,5,15971,0,25,0,177679
2018,5,15977,0,23,0,177679
2018,5,15996,0,21,0,177679
2018,5,16022,0,23,0,177679
2018,5,16025,89.87086471222185,109,6,177679
2018,5,16060,0,13,0,177679
2018,5,16091,14.27826317570816,33,2,177679
2018,5,16113,0,15,0,177679
2018,5,16140,0,29,0,177679
2018,5,16171,0,7,0,177679
2018,5,16195,0,11,0,177679
2018,5,16257,1680.5654578316266,81,17,177679
2018,5,16284,0,11,0,177679
2018,5,16366,0,9,0,177679
2018,5,16407,0,9,0,177679
2018,5,16531,0,15,0,177679
2018,5,16573,202.35442630531813,23,6,177679
2018,5,16577,0,9,0,177679
2018,5,16603,0,23,0,177679
2018,5,16626,0,21,0,177679
2018,5,16707,0,27,0,177679
2018,5,16726,0,19,0,177679
2018,5,16735,16.59008956727656,9,1,177679
2018,5,16783,0,9,0,177679
2018,5,16798,0,15,0,177679
2018,5,16854,184.05421431778308,21,2,177679
2018,5,16878,200.19891391638848,31,3,177679
2018,5,16885,778.2988082037044,47,8,177679
2018,5,16999,0,11,0,177679
2018,5,17025,0,45,0,177679
2018,5,17198,140.91940466093632,17,1,177679
2018,5,17245,9.320236159764582,15,1,177679
2018,5,17330,253.751909589455,31,7,177679
2018,5,17345,0,11,0,177679
2018,5,17400,9.385788338803602,27,1,177679
2018,5,17457,0,25,0,177679
2018,5,17504,0,13,0,177679
2018,5,17526,938.6153502941402,61,14,177679
2018,5,17601,0,13,0,177679
2018,5,17616,0,9,0,177679
2018,5,17793,25.59118417321536,23,1,177679
2018,5,17813,0,35,0,177679
2018,5,17837,481.06498414789047,63,14,177679
2018,5,17844,0,13,0,177679
2018,5,17903,0,7,0,177679
2018,5,17934,51.27058465784393,17,1,177679
2018,5,18055,0,21,0,177679
2018,5,18471,0,11,0,177679
2018,5,18452,62.12513969759636,15,1,177679
2018,5,18516,0,23,0,177679
2018,5,18559,0,15,0,177679
2018,5,18575,98.42597244241514,35,4,177679
2018,5,18782,0,19,0,177679
2018,5,18845,0,11,0,177679
2018,5,18876,0,31,0,177679
2018,5,18884,0,13,0,177679
2018,5,18892,35.112726276523276,7,1,177679
2018,5,18912,9.333881386441972,23,1,177679
2018,5,18994,32.32293311728854,23,2,177679
2018,5,19045,0,11,0,177679
2018,5,19189,26.331316194796635,33,1,177679
2018,5,19213,78.25812775889281,37,3,177679
2018,5,19222,153.4873552639972,39,4,177679
2018,5,19251,0,59,0,177679
2018,5,19252,0,9,0,177679
2018,5,19323,576.2025517659056,71,11,177679
2018,5,19444,0,9,0,177679
2018,5,19533,0,39,0,177679
2018,5,19646,292.72318883692554,47,5,177679
2018,5,19780,0,7,0,177679
2018,5,19901,0,19,0,177679
2018,5,19966,0,11,0,177679
2018,5,19982,0,7,0,177679
2018,5,20166,0,13,0,177679
2018,5,20217,0,13,0,177679
2018,5,20268,138.870405900611,39,1,177679
2018,5,20282,0,35,0,177679
2018,5,20325,0,17,0,177679
2018,5,20613,32.286292076705124,57,1,177679
2018,5,20616,0,13,0,177679
2018,5,20697,0,35,0,177679
2018,5,20700,0,51,0,177679
2018,5,20753,0,11,0,177679
2018,5,20760,0,23,0,177679
2018,6,1361,0,149,0,177679
2018,6,2026,1475.9913994662809,127,19,177679
2018,6,2178,0,87,0,177679
2018,6,2191,2504.02432651977,201,22,177679
2018,6,2244,0,57,0,177679
2018,6,2548,0,43,0,177679
2018,6,2919,0,67,0,177679
2018,6,2978,0,41,0,177679
2018,6,3008,58.17228971095557,109,1,177679
2018,6,3202,224.18725032420812,193,7,177679
2018,6,3881,3841.4019206355306,289,33,177679
2018,6,4014,0,65,0,177679
2018,6,4933,2177.147443562573,191,28,177679
2018,6,5361,7.515119630249903,83,1,177679
2018,6,6356,487.8752445818905,149,8,177679
2018,6,6665,619.549051670477,71,7,177679
2018,6,6863,0,47,0,177679
2018,6,7044,1213.6972043922676,85,13,177679
2018,6,7217,126.96652538114797,37,6,177679
2018,6,7247,0,27,0,177679
2018,6,7397,86.76952209824239,57,3,177679
2018,6,8150,809.3460979340575,133,12,177679
2018,6,7732,985.929858998689,77,9,177679
2018,6,7874,11.67861582421669,39,1,177679
2018,6,8668,58.32115711014558,75,6,177679
2018,6,8732,759.804416964871,43,5,177679
2018,6,9269,184.4015262650159,49,3,177679
2018,6,9314,17.237631119495703,41,1,177679
2018,6,9989,1355.435670554533,69,9,177679
2018,6,10295,37.645764700292645,59,5,177679
2018,6,10510,1578.2467753198994,307,29,177679
2018,6,10735,2110.89097750809,133,24,177679
2018,6,10832,3861.4519425705594,117,27,177679
2018,6,12218,2219.9272136352565,91,17,177679
2018,6,12441,971.1488872231178,125,13,177679
2018,6,12731,0,25,0,177679
2018,6,12847,0,45,0,177679
2018,6,13326,309.47247986735397,69,19,177679
2018,6,14045,1370.5573701885253,75,12,177679
2018,6,14438,0,115,0,177679
2018,6,14696,391.9777074272867,57,6,177679
2018,6,14936,21.47987155926787,75,1,177679
2018,6,14968,207.0993741461881,37,4,177679
2018,6,15093,291.85471706185723,75,6,177679
2018,6,15361,0,105,0,177679
2018,6,15428,1867.9997441454266,131,20,177679
2018,6,15448,0,41,0,177679
2018,6,15618,0,41,0,177679
2018,6,16183,2328.0835048115473,145,20,177679
2018,6,16349,236.65234520196736,43,2,177679
2018,6,16468,2257.4479892814097,109,23,177679
2018,6,16629,2197.679033935509,197,35,177679
2018,6,16632,257.23430157938645,89,6,177679
2018,6,16660,50.69003805577546,29,3,177679
2018,6,16669,33.25366212209517,73,2,177679
2018,6,16849,284.20372886607413,109,8,177679
2018,6,16877,523.3431522609245,79,6,177679
2018,6,16960,210.95066075639164,213,7,177679
2018,6,17067,74.45854459495378,47,2,177679
2018,6,17426,1187.5695148166228,95,14,177679
2018,6,17487,874.079264879351,95,17,177679
2018,6,17748,627.564289472042,91,18,177679
2018,6,17807,1437.86923571926,131,28,177679
2018,6,18300,147.18686645762764,45,4,177679
2018,6,18307,4462.981622533107,209,37,177679
2018,6,18524,0,29,0,177679
2018,6,18944,112.94833996237816,57,4,177679
2018,6,19619,2825.5582208176156,179,18,177679
2018,6,19622,855.74399536745,61,9,177679
2018,6,20036,591.811767580087,95,7,177679
2018,6,20215,88.08925052776115,79,1,177679
2018,7,1814,608.1862729183977,317,13,177679
2018,7,1985,8210.979477015986,679,107,177679
2018,7,2101,4584.360719145306,337,46,177679
2018,7,10822,5592.827104566091,433,52,177679
2018,7,12002,14381.657804942588,1305,159,177679
2018,7,12103,1682.9343412129338,391,41,177679
2018,7,12267,18163.048009518774,1713,249,177679
2018,7,13074,20200.629856357653,1903,217,177679
2018,7,15014,616.0788065336727,177,6,177679
2018,7,16892,13525.475106945287,1142,119,177679
2018,7,16917,10845.751668448436,775,124,177679
2018,7,17129,2771.269165802346,233,43,177679
2018,7,17137,1242.121636425837,365,19,177679
2018,7,17217,851.4163728998858,137,17,177679
2018,7,17257,6091.656267198112,283,42,177679
2018,7,17642,2441.6825967444042,257,54,177679
2018,7,17942,7786.09461976006,457,62,177679
2019,5,1165,0,13,0,248855
2019,5,1360,0,23,0,248855
2019,5,1471,0,23,0,248855
2019,5,1512,0,21,0,248855
2019,5,1516,0,45,0,248855
2019,5,1578,0,13,0,248855
2019,5,1661,0,13,0,248855
2019,5,1749,0,13,0,248855
2019,5,1847,0,63,0,248855
2019,5,2090,0,41,0,248855
2019,5,2142,0,17,0,248855
2019,5,2167,0,47,0,248855
2019,5,2212,0,23,0,248855
2019,5,2252,0,17,0,248855
2019,5,2284,0,13,0,248855
2019,5,2397,0,9,0,248855
2019,5,2478,0,35,0,248855
2019,5,2589,0,19,0,248855
2019,5,2636,0,27,0,248855
2019,5,2802,0,9,0,248855
2019,5,2881,0,13,0,248855
2019,5,2900,0,21,0,248855
2019,5,3054,0,27,0,248855
2019,5,2983,0,17,0,248855
2019,5,3085,0,19,0,248855
2019,5,3086,0,17,0,248855
2019,5,3099,0,9,0,248855
2019,5,3154,0,57,0,248855
2019,5,3288,0,11,0,248855
2019,5,3326,0,17,0,248855
2019,5,3376,0,7,0,248855
2019,5,3394,0,25,0,248855
2019,5,3690,0,53,0,248855
2019,5,3707,0,21,0,248855
2019,5,3716,0,37,0,248855
2019,5,3781,0,17,0,248855
2019,5,3928,0,13,0,248855
2019,5,3954,0,31,0,248855
2019,5,4128,103.8492853258796,17,1,248855
2019,5,4196,0,21,0,248855
2019,5,4224,0,17,0,248855
2019,5,4298,0,65,0,248855
2019,5,4324,0,11,0,248855
2019,5,4536,0,7,0,248855
2019,5,4657,0,13,0,248855
2019,5,4721,0,25,0,248855
2019,5,4774,135.26686869479522,61,1,248855
2019,5,4864,0,7,0,248855
2019,5,5025,52.334785666149116,47,2,248855
2019,5,5079,0,73,0,248855
2019,5,5134,0,11,0,248855
2019,5,5202,2535.7720715346463,123,21,248855
2019,5,5277,0,15,0,248855
2019,5,5285,0,11,0,248855
2019,5,5440,0,15,0,248855
2019,5,5542,0,17,0,248855
2019,5,5570,0,7,0,248855
2019,5,5745,52.605413914004714,17,1,248855
2019,5,5696,740.0316254804653,53,7,248855
2019,5,5810,0,17,0,248855
2019,5,5890,0,21,0,248855
2019,5,5897,0,15,0,248855
2019,5,5938,0,23,0,248855
2019,5,5957,0,13,0,248855
2019,5,6142,21.01551204408877,13,1,248855
2019,5,6097,0,7,0,248855
2019,5,6135,0,15,0,248855
2019,5,6164,0,13,0,248855
2019,5,6191,0,23,0,248855
2019,5,6192,0,37,0,248855
2019,5,6221,52.69639594269664,25,2,248855
2019,5,6265,654.1851377556743,23,4,248855
2019,5,6296,17.60463524474361,31,1,248855
2019,5,6326,0,7,0,248855
2019,5,6352,0,15,0,248855
2019,5,6417,0,11,0,248855
2019,5,6431,744.2131334377137,41,7,248855
2019,5,6497,0,7,0,248855
2019,5,6535,177.1358542700615,21,3,248855
2019,5,6581,0,43,0,248855
2019,5,6618,0,27,0,248855
2019,5,6787,0,17,0,248855
2019,5,6875,0,27,0,248855
2019,5,7119,0,41,0,248855
2019,5,7172,0,15,0,248855
2019,5,7268,95.45060021417379,17,2,248855
2019,5,7296,103.25246268495394,37,4,248855
2019,5,7329,0,11,0,248855
2019,5,7341,0,15,0,248855
2019,5,7343,0,13,0,248855
2019,5,7357,0,17,0,248855
2019,5,7494,21.53163702000787,21,1,248855
2019,5,7502,76.15254821019509,53,1,248855
2019,5,7696,0,25,0,248855
2019,5,9208,0,13,0,248855
2019,5,10305,1168.423023509903,49,8,248855
2019,5,10344,0,29,0,248855
2019,5,10395,0,35,0,248855
2019,5,7728,0,29,0,248855
2019,5,7807,70.29717361154283,11,1,248855
2019,5,7868,0,7,0,248855
2019,5,7895,89.30972550119384,19,2,248855
2019,5,7913,109.7838657413354,15,1,248855
2019,5,8056,0,15,0,248855
2019,5,8129,0,9,0,248855
2019,5,8192,15.386914191583632,7,1,248855
2019,5,8463,0,11,0,248855
2019,5,8534,0,15,0,248855
2019,5,8577,234.41019573252976,51,8,248855
2019,5,8704,0,13,0,248855
2019,5,8869,176.93896850902962,35,2,248855
2019,5,8944,0,19,0,248855
2019,5,9126,0,21,0,248855
2019,5,9349,0,13,0,248855
2019,5,9600,124.7571940038383,55,3,248855
2019,5,9796,0,15,0,248855
2019,5,9798,244.74023578803673,41,6,248855
2019,5,9871,564.0753220507543,55,4,248855
2019,5,9925,0,17,0,248855
2019,5,9972,128.68593859888037,9,1,248855
2019,5,10002,136.29846032493748,49,5,248855
2019,5,10083,0,15,0,248855
2019,5,10166,0,27,0,248855
2019,5,10201,0,7,0,248855
2019,5,10228,0,17,0,248855
2019,5,10234,17.83311545323246,25,1,248855
2019,5,10585,1380.3802760200415,37,8,248855
2019,5,11198,214.82729897098795,43,5,248855
2019,5,11469,0,9,0,248855
2019,5,11500,333.982572796975,19,3,248855
2019,5,11524,1580.8138555625521,73,24,248855
2019,5,11639,153.62280124244526,31,2,248855
2019,5,11763,0,9,0,248855
2019,5,11766,17.700627004183733,25,1,248855
2019,5,11894,0,29,0,248855
2019,5,11990,77.9669232292674,37,1,248855
2019,5,12092,421.7075582263198,33,7,248855
2019,5,12266,219.86337520881463,21,3,248855
2019,5,12430,0,11,0,248855
2019,5,12793,0,9,0,248855
2019,5,12657,42.38509969824183,23,1,248855
2019,5,12804,95.81526393198538,55,2,248855
2019,5,13003,0,49,0,248855
2019,5,13138,18.536817682194137,29,1,248855
2019,5,13189,213.45327285634164,13,3,248855
2019,5,13468,0,19,0,248855
2019,5,13475,0,13,0,248855
2019,5,13486,0,13,0,248855
2019,5,13522,843.0300387949344,29,6,248855
2019,5,13790,64.16591433662765,33,2,248855
2019,5,13817,0,25,0,248855
2019,5,13830,0,9,0,248855
2019,5,13852,0,13,0,248855
2019,5,13868,0,35,0,248855
2019,5,13881,1347.608505528141,47,11,248855
2019,5,14020,25.782860168306215,27,1,248855
2019,5,14124,0,35,0,248855
2019,5,14219,0,55,0,248855
2019,5,14363,1087.583094344375,57,9,248855
2019,5,14418,114.88822103760586,27,3,248855
2019,5,14421,413.4067605045716,27,9,248855
2019,5,14459,177.8209845998423,9,1,248855
2019,5,14626,0,25,0,248855
2019,5,14682,0,17,0,248855
2019,5,14738,0,7,0,248855
2019,5,14756,0,37,0,248855
2019,5,14967,0,15,0,248855
2019,5,15002,0,9,0,248855
2019,5,15030,91.2280134072168,25,2,248855
2019,5,15052,0,57,0,248855
2019,5,15293,0,29,0,248855
2019,5,15134,0,13,0,248855
2019,5,15154,271.5932003139456,15,2,248855
2019,5,15178,0,13,0,248855
2019,5,15219,0,25,0,248855
2019,5,15253,0,7,0,248855
2019,5,15476,160.19735781249867,31,2,248855
2019,5,15531,61.2960817498511,31,1,248855
2019,5,15563,0,29,0,248855
2019,5,15615,0,15,0,248855
2019,5,15700,0,9,0,248855
2019,5,15711,449.3192915309113,33,3,248855
2019,5,15743,474.5028919812371,23,4,248855
2019,5,15752,739.374193604661,41,6,248855
2019,5,15770,0,11,0,248855
2019,5,15790,0,11,0,248855
2019,5,15913,63.06755404202401,21,2,248855
2019,5,15971,0,25,0,248855
2019,5,15977,0,23,0,248855
2019,5,15996,0,21,0,248855
2019,5,16022,0,23,0,248855
2019,5,16025,402.16301298200136,109,9,248855
2019,5,16060,0,13,0,248855
2019,5,16091,0,33,0,248855
2019,5,16113,0,15,0,248855
2019,5,16140,0,29,0,248855
2019,5,16171,0,7,0,248855
2019,5,16195,0,11,0,248855
2019,5,16257,2450.185142370046,81,17,248855
2019,5,16284,0,11,0,248855
2019,5,16366,0,9,0,248855
2019,5,16407,0,9,0,248855
2019,5,16531,0,15,0,248855
2019,5,16573,246.9832218868272,23,6,248855
2019,5,16577,0,9,0,248855
2019,5,16603,0,23,0,248855
2019,5,16626,0,21,0,248855
2019,5,16707,0,27,0,248855
2019,5,16726,0,19,0,248855
2019,5,16735,28.137908451770436,9,1,248855
2019,5,16783,0,9,0,248855
2019,5,16798,0,15,0,248855
2019,5,16854,276.68305464726774,21,2,248855
2019,5,16878,423.0665899164564,31,3,248855
2019,5,16885,1153.0018895062008,47,7,248855
2019,5,16999,0,11,0,248855
2019,5,17025,0,45,0,248855
2019,5,17198,180.96037553725068,17,1,248855
2019,5,17245,17.592201426089204,15,1,248855
2019,5,17330,191.9041737293816,31,4,248855
2019,5,17345,0,11,0,248855
2019,5,17400,0,27,0,248855
2019,5,17457,0,25,0,248855
2019,5,17504,0,13,0,248855
2019,5,17526,712.8579809852461,61,14,248855
2019,5,17601,0,13,0,248855
2019,5,17616,0,9,0,248855
2019,5,17793,0,23,0,248855
2019,5,17813,0,35,0,248855
2019,5,17837,610.47261398192,63,14,248855
2019,5,17844,0,13,0,248855
2019,5,17903,0,7,0,248855
2019,5,17934,68.70549867677337,17,1,248855
2019,5,18055,0,21,0,248855
2019,5,18471,0,11,0,248855
2019,5,18452,60.34533153021949,15,1,248855
2019,5,18516,0,23,0,248855
2019,5,18559,0,15,0,248855
2019,5,18575,105.48358521541435,35,3,248855
2019,5,18782,0,19,0,248855
2019,5,18845,0,11,0,248855
2019,5,18876,0,31,0,248855
2019,5,18884,0,13,0,248855
2019,5,18892,53.76710977227459,7,1,248855
2019,5,18912,0,23,0,248855
2019,5,18994,17.466574592815963,23,1,248855
2019,5,19045,0,11,0,248855
2019,5,19189,34.969860186724816,33,1,248855
2019,5,19213,53.187778097137794,37,3,248855
2019,5,19222,220.90004730498202,39,4,248855
2019,5,19251,0,59,0,248855
2019,5,19252,0,9,0,248855
2019,5,19323,1143.757374268331,71,11,248855
2019,5,19444,0,9,0,248855
2019,5,19533,0,39,0,248855
2019,5,19646,627.322140388596,47,5,248855
2019,5,19780,0,7,0,248855
2019,5,19901,0,19,0,248855
2019,5,19966,0,11,0,248855
2019,5,19982,0,7,0,248855
2019,5,20166,0,13,0,248855
2019,5,20217,0,13,0,248855
2019,5,20268,177.26822220143947,39,1,248855
2019,5,20282,0,35,0,248855
2019,5,20325,0,17,0,248855
2019,5,20613,111.62445361560088,57,1,248855
2019,5,20616,0,13,0,248855
2019,5,20697,0,35,0,248855
2019,5,20700,0,51,0,248855
2019,5,20753,0,11,0,248855
2019,5,20760,0,23,0,248855
2019,6,1361,0,149,0,248855
2019,6,2026,1422.3080485326568,127,19,248855
2019,6,2178,0,87,0,248855
2019,6,2191,2731.4774018267917,201,23,248855
2019,6,2244,0,57,0,248855
2019,6,2548,0,43,0,248855
2019,6,2919,0,67,0,248855
2019,6,2978,0,41,0,248855
2019,6,3008,102.40472924232895,109,1,248855
2019,6,3202,170.3895416196663,193,7,248855
2019,6,3881,4211.97106919934,289,33,248855
2019,6,4014,0,65,0,248855
2019,6,4933,2787.980449375768,191,27,248855
2019,6,5361,27.453460877093104,83,1,248855
2019,6,6356,538.7973772046803,149,10,248855
2019,6,6665,740.0316254804653,71,7,248855
2019,6,6863,0,47,0,248855
2019,6,7044,1469.7078446409569,85,13,248855
2019,6,7217,389.34517558685377,37,6,248855
2019,6,7247,0,27,0,248855
2019,6,7397,166.70385208077403,57,5,248855
2019,6,8150,1439.3200827934568,133,15,248855
2019,6,7732,1441.3585016365348,77,8,248855
2019,6,7874,22.617906906251424,39,1,248855
2019,6,8668,189.82791632010722,75,6,248855
2019,6,8732,680.9675387431028,43,5,248855
2019,6,9269,280.22014174068096,49,3,248855
2019,6,9314,37.74591816925285,41,1,248855
2019,6,9989,1390.0505610328707,69,9,248855
2019,6,10295,231.56040434149259,59,7,248855
2019,6,10510,2353.8009889581617,307,31,248855
2019,6,10735,3335.4775983640548,133,24,248855
2019,6,10832,3866.0604931271796,117,26,248855
2019,6,12218,2639.717209635671,91,18,248855
2019,6,12441,1010.5106467732317,125,10,248855
2019,6,12731,0,25,0,248855
2019,6,12847,0,45,0,248855
2019,6,13326,1213.4598630282744,69,20,248855
2019,6,14045,1508.670399678044,75,12,248855
2019,6,14438,0,115,0,248855
2019,6,14696,544.8898272960225,57,6,248855
2019,6,14936,37.3425503674622,75,1,248855
2019,6,14968,375.7387329803774,37,4,248855
2019,6,15093,401.858847246967,75,5,248855
2019,6,15361,0,105,0,248855
2019,6,15428,2372.075100216684,131,18,248855
2019,6,15448,0,41,0,248855
2019,6,15618,0,41,0,248855
2019,6,16183,3345.8323519368782,145,20,248855
2019,6,16349,333.896958033584,43,2,248855
2019,6,16468,3296.7209041737606,109,22,248855
2019,6,16629,2085.062629615128,197,34,248855
2019,6,16632,389.175771255298,89,7,248855
2019,6,16660,117.51733765083907,29,3,248855
2019,6,16669,73.27607662499037,73,2,248855
2019,6,16849,789.699650402867,109,8,248855
2019,6,16877,1039.8694135295848,79,8,248855
2019,6,16960,310.7150199753663,213,7,248855
2019,6,17067,154.4554421230271,47,2,248855
2019,6,17426,1449.7488777498825,95,14,248855
2019,6,17487,921.8516860942555,95,16,248855
2019,6,17748,776.5670129418545,91,17,248855
2019,6,17807,1677.052968152414,131,28,248855
2019,6,18300,102.4773512641815,45,3,248855
2019,6,18307,7089.798641852086,209,37,248855
2019,6,18524,0,29,0,248855
2019,6,18944,118.05570054239926,57,3,248855
2019,6,19619,3960.084978432246,179,18,248855
2019,6,19622,1365.0116983144774,61,9,248855
2019,6,20036,1027.10063662192,95,7,248855
2019,6,20215,139.0829582220949,79,1,248855
2019,7,1814,915.6681641246839,317,13,248855
2019,7,1985,11109.88381225388,679,107,248855
2019,7,2101,4808.249053704612,337,47,248855
2019,7,10822,8263.424913636582,433,56,248855
2019,7,12002,17600.702811518368,1305,159,248855
2019,7,12103,2963.0434952234,391,45,248855
2019,7,12267,23499.941136548245,1713,239,248855
2019,7,13074,26176.991853856132,1903,221,248855
2019,7,15014,658.7262131713758,177,6,248855
2019,7,16892,20908.152859374197,1142,119,248855
2019,7,16917,15349.632545681316,775,122,248855
2019,7,17129,3207.314417032515,233,39,248855
2019,7,17137,1709.9195598814395,365,19,248855
2019,7,17217,981.4094453962339,137,16,248855
2019,7,17257,9112.151373968489,283,42,248855
2019,7,17642,3136.9838320453896,257,53,248855
2019,7,17942,11267.015166591395,457,61,248855
2021,5,1165,0,13,0,129180
2021,5,1360,0,23,0,129180
2021,5,1471,0,23,0,129180
2021,5,1512,0,21,0,129180
2021,5,1516,0,45,0,129180
2021,5,1578,0,13,0,129180
2021,5,1661,0,13,0,129180
2021,5,1749,0,13,0,129180
2021,5,1847,0,63,0,129180
2021,5,2090,0,41,0,129180
2021,5,2142,0,17,0,129180
2021,5,2167,0,47,0,129180
2021,5,2212,0,23,0,129180
2021,5,2252,0,17,0,129180
2021,5,2284,0,13,0,129180
2021,5,2397,0,9,0,129180
2021,5,2478,0,35,0,129180
2021,5,2589,0,19,0,129180
2021,5,2636,0,27,0,129180
2021,5,2802,0,9,0,129180
2021,5,2881,0,13,0,129180
2021,5,2900,0,21,0,129180
2021,5,3054,0,27,0,129180
2021,5,2983,0,17,0,129180
2021,5,3085,0,19,0,129180
2021,5,3086,0,17,0,129180
2021,5,3099,0,9,0,129180
2021,5,3154,0,57,0,129180
2021,5,3288,0,11,0,129180
2021,5,3326,0,17,0,129180
2021,5,3376,0,7,0,129180
2021,5,3394,0,25,0,129180
2021,5,3690,0,53,0,129180
2021,5,3707,0,21,0,129180
2021,5,3716,0,37,0,129180
2021,5,3781,0,17,0,129180
2021,5,3928,0,13,0,129180
2021,5,3954,0,31,0,129180
2021,5,4128,11.029951792239714,17,1,129180
2021,5,4196,0,21,0,129180
2021,5,4224,0,17,0,129180
2021,5,4298,0,65,0,129180
2021,5,4324,0,11,0,129180
2021,5,4536,0,7,0,129180
2021,5,4657,0,13,0,129180
2021,5,4721,0,25,0,129180
2021,5,4774,14.24929978073239,61,1,129180
2021,5,4864,0,7,0,129180
2021,5,5025,0,47,0,129180
2021,5,5079,0,73,0,129180
2021,5,5134,0,11,0,129180
2021,5,5202,240.2879530695686,123,20,129180
2021,5,5277,0,15,0,129180
2021,5,5285,0,11,0,129180
2021,5,5440,0,15,0,129180
2021,5,5542,0,17,0,129180
2021,5,5570,0,7,0,129180
2021,5,5745,66.27495267481888,17,1,129180
2021,5,5696,75.26670277222833,53,7,129180
2021,5,5810,0,17,0,129180
2021,5,5890,0,21,0,129180
2021,5,5897,0,15,0,129180
2021,5,5938,0,23,0,129180
2021,5,5957,0,13,0,129180
2021,5,6142,6.937322502887192,13,1,129180
2021,5,6097,0,7,0,129180
2021,5,6135,0,15,0,129180
2021,5,6164,0,13,0,129180
2021,5,6191,0,23,0,129180
2021,5,6192,0,37,0,129180
2021,5,6221,6.993941591626506,25,1,129180
2021,5,6265,168.43580365388576,23,4,129180
2021,5,6296,0,31,0,129180
2021,5,6326,0,7,0,129180
2021,5,6352,0,15,0,129180
2021,5,6417,0,11,0,129180
2021,5,6431,83.62684177058414,41,7,129180
2021,5,6497,0,7,0,129180
2021,5,6535,65.57254390767545,21,2,129180
2021,5,6581,0,43,0,129180
2021,5,6618,0,27,0,129180
2021,5,6787,0,17,0,129180
2021,5,6875,0,27,0,129180
2021,5,7119,0,41,0,129180
2021,5,7172,0,15,0,129180
2021,5,7268,105.30314906084878,17,2,129180
2021,5,7296,0,37,0,129180
2021,5,7329,0,11,0,129180
2021,5,7341,0,15,0,129180
2021,5,7343,0,13,0,129180
2021,5,7357,0,17,0,129180
2021,5,7494,97.20514904809114,21,1,129180
2021,5,7502,11.000395302608222,53,1,129180
2021,5,7696,0,25,0,129180
2021,5,9208,0,13,0,129180
2021,5,10305,930.8883010387848,49,8,129180
2021,5,10344,0,29,0,129180
2021,5,10395,0,35,0,129180
2021,5,7728,0,29,0,129180
2021,5,7807,0,11,0,129180
2021,5,7868,0,7,0,129180
2021,5,7895,0,19,0,129180
2021,5,7913,119.96399575569244,15,1,129180
2021,5,8056,0,15,0,129180
2021,5,8129,0,9,0,129180
2021,5,8192,9.202887968005482,7,1,129180
2021,5,8463,0,11,0,129180
2021,5,8534,0,15,0,129180
2021,5,8577,0,51,0,129180
2021,5,8704,0,13,0,129180
2021,5,8869,74.20900615441356,35,2,129180
2021,5,8944,0,19,0,129180
2021,5,9126,0,21,0,129180
2021,5,9349,0,13,0,129180
2021,5,9600,0,55,0,129180
2021,5,9796,0,15,0,129180
2021,5,9798,611.1569324364082,41,6,129180
2021,5,9871,250.42005588932778,55,4,129180
2021,5,9925,0,17,0,129180
2021,5,9972,121.40459230440646,9,1,129180
2021,5,10002,0,49,0,129180
2021,5,10083,0,15,0,129180
2021,5,10166,0,27,0,129180
2021,5,10201,0,7,0,129180
2021,5,10228,0,17,0,129180
2021,5,10234,0,25,0,129180
2021,5,10585,458.8896653553718,37,8,129180
2021,5,11198,0,43,0,129180
2021,5,11469,0,9,0,129180
2021,5,11500,35.515024101572664,19,3,129180
2021,5,11524,0,73,0,129180
2021,5,11639,51.4868418201587,31,2,129180
2021,5,11763,0,9,0,129180
2021,5,11766,26.16642334961641,25,1,129180
2021,5,11894,0,29,0,129180
2021,5,11990,11.268566277345707,37,1,129180
2021,5,12092,978.4125434423171,33,8,129180
2021,5,12266,220.06327017806169,21,3,129180
2021,5,12430,0,11,0,129180
2021,5,12793,0,9,0,129180
2021,5,12657,15.316483442113151,23,1,129180
2021,5,12804,30.876626982245106,55,2,129180
2021,5,13003,0,49,0,129180
2021,5,13138,14.355988349330485,29,1,129180
2021,5,13189,208.34925619929845,13,3,129180
2021,5,13468,0,19,0,129180
2021,5,13475,13.017987818829685,13,1,129180
2021,5,13486,0,13,0,129180
2021,5,13522,741.4260351165406,29,6,129180
2021,5,13790,54.3169544572455,33,2,129180
2021,5,13817,0,25,0,129180
2021,5,13830,0,9,0,129180
2021,5,13852,0,13,0,129180
2021,5,13868,0,35,0,129180
2021,5,13881,140.09937755874904,47,11,129180
2021,5,14020,0,27,0,129180
2021,5,14124,0,35,0,129180
2021,5,14219,0,55,0,129180
2021,5,14363,113.10236345533909,57,9,129180
2021,5,14418,0,27,0,129180
2021,5,14421,0,27,0,129180
2021,5,14459,155.7228002615918,9,1,129180
2021,5,14626,14.650090626309414,25,1,129180
2021,5,14682,0,17,0,129180
2021,5,14738,0,7,0,129180
2021,5,14756,0,37,0,129180
2021,5,14967,0,15,0,129180
2021,5,15002,0,9,0,129180
2021,5,15030,59.85984012016068,25,2,129180
2021,5,15052,0,57,0,129180
2021,5,15293,0,29,0,129180
2021,5,15134,0,13,0,129180
2021,5,15154,25.978926161727244,15,2,129180
2021,5,15178,0,13,0,129180
2021,5,15219,0,25,0,129180
2021,5,15253,0,7,0,129180
2021,5,15476,13.094612404310478,31,1,129180
2021,5,15531,26.14773776039883,31,1,129180
2021,5,15563,0,29,0,129180
2021,5,15615,0,15,0,129180
2021,5,15700,0,9,0,129180
2021,5,15711,169.24529626786193,33,3,129180
2021,5,15743,218.557488571527,23,4,129180
2021,5,15752,230.11755302372222,41,6,129180
2021,5,15770,0,11,0,129180
2021,5,15790,0,11,0,129180
2021,5,15913,57.06399562822882,21,4,129180
2021,5,15971,0,25,0,129180
2021,5,15977,0,23,0,129180
2021,5,15996,0,21,0,129180
2021,5,16022,0,23,0,129180
2021,5,16025,218.99943907870448,109,11,129180
2021,5,16060,0,13,0,129180
2021,5,16091,0,33,0,129180
2021,5,16113,0,15,0,129180
2021,5,16140,0,29,0,129180
2021,5,16171,0,7,0,129180
2021,5,16195,0,11,0,129180
2021,5,16257,1301.5369849878066,81,17,129180
2021,5,16284,0,11,0,129180
2021,5,16366,0,9,0,129180
2021,5,16407,0,9,0,129180
2021,5,16531,0,15,0,129180
2021,5,16573,516.8411255316529,23,6,129180
2021,5,16577,0,9,0,129180
2021,5,16603,0,23,0,129180
2021,5,16626,0,21,0,129180
2021,5,16707,0,27,0,129180
2021,5,16726,0,19,0,129180
2021,5,16735,3.5033477264205386,9,1,129180
2021,5,16783,0,9,0,129180
2021,5,16798,0,15,0,129180
2021,5,16854,68.86668885998165,21,2,129180
2021,5,16878,95.96733638341195,31,3,129180
2021,5,16885,421.6873289646078,47,9,129180
2021,5,16999,0,11,0,129180
2021,5,17025,0,45,0,129180
2021,5,17198,49.89116983488803,17,1,129180
2021,5,17245,26.11697332824751,15,1,129180
2021,5,17330,400.9612739593422,31,6,129180
2021,5,17345,0,11,0,129180
2021,5,17400,41.50623650354104,27,1,129180
2021,5,17457,0,25,0,129180
2021,5,17504,0,13,0,129180
2021,5,17526,1755.0906418213222,61,14,129180
2021,5,17601,0,13,0,129180
2021,5,17616,0,9,0,129180
2021,5,17793,0,23,0,129180
2021,5,17813,0,35,0,129180
2021,5,17837,1623.741912637115,63,14,129180
2021,5,17844,0,13,0,129180
2021,5,17903,0,7,0,129180
2021,5,17934,185.1352316191407,17,1,129180
2021,5,18055,0,21,0,129180
2021,5,18471,0,11,0,129180
2021,5,18452,25.87985338150412,15,1,129180
2021,5,18516,0,23,0,129180
2021,5,18559,0,15,0,129180
2021,5,18575,234.37438785390816,35,4,129180
2021,5,18782,0,19,0,129180
2021,5,18845,0,11,0,129180
2021,5,18876,0,31,0,129180
2021,5,18884,0,13,0,129180
2021,5,18892,87.01812783266668,7,1,129180
2021,5,18912,0,23,0,129180
2021,5,18994,77.04193498020796,23,2,129180
2021,5,19045,0,11,0,129180
2021,5,19189,55.43425252767447,33,1,129180
2021,5,19213,169.1165773217502,37,3,129180
2021,5,19222,371.3620953913945,39,4,129180
2021,5,19251,0,59,0,129180
2021,5,19252,0,9,0,129180
2021,5,19323,521.3377515078012,71,11,129180
2021,5,19444,0,9,0,129180
2021,5,19533,0,39,0,129180
2021,5,19646,142.27007232512437,47,5,129180
2021,5,19780,0,7,0,129180
2021,5,19901,0,19,0,129180
2021,5,19966,0,11,0,129180
2021,5,19982,0,7,0,129180
2021,5,20166,0,13,0,129180
2021,5,20217,0,13,0,129180
2021,5,20268,49.001437425336405,39,1,129180
2021,5,20282,0,35,0,129180
2021,5,20325,0,17,0,129180
2021,5,20613,18.344878097585127,57,1,129180
2021,5,20616,0,13,0,129180
2021,5,20697,0,35,0,129180
2021,5,20700,0,51,0,129180
2021,5,20753,0,11,0,129180
2021,5,20760,0,23,0,129180
2021,6,1361,0,149,0,129180
2021,6,2026,190.84745011371837,127,18,129180
2021,6,2178,0,87,0,129180
2021,6,2191,284.11585021131975,201,22,129180
2021,6,2244,0,57,0,129180
2021,6,2548,0,43,0,129180
2021,6,2919,0,67,0,129180
2021,6,2978,0,41,0,129180
2021,6,3008,10.784007214159091,109,1,129180
2021,6,3202,10.546116314258594,193,3,129180
2021,6,3881,441.65779064186995,289,33,129180
2021,6,4014,0,65,0,129180
2021,6,4933,240.2879530695686,191,20,129180
2021,6,5361,0,83,0,129180
2021,6,6356,543.129840545415,149,8,129180
2021,6,6665,75.26670277222833,71,7,129180
2021,6,6863,0,47,0,129180
2021,6,7044,149.55363775601512,85,12,129180
2021,6,7217,0,37,0,129180
2021,6,7247,0,27,0,129180
2021,6,7397,26.75717840715541,57,1,129180
2021,6,8150,361.81419905062614,133,11,129180
2021,6,7732,381.7806541335708,77,8,129180
2021,6,7874,0,39,0,129180
2021,6,8668,0,75,0,129180
2021,6,8732,624.7233322084332,43,5,129180
2021,6,9269,253.64599421820384,49,3,129180
2021,6,9314,101.19755867499602,41,1,129180
2021,6,9989,1144.1627785957521,69,9,129180
2021,6,10295,0,59,0,129180
2021,6,10510,156.25091829634138,307,12,129180
2021,6,10735,1216.4266006873586,133,23,129180
2021,6,10832,4193.585780188955,117,27,129180
2021,6,12218,2209.377670377183,91,19,129180
2021,6,12441,896.8774728418259,125,16,129180
2021,6,12731,0,25,0,129180
2021,6,12847,0,45,0,129180
2021,6,13326,0,69,0,129180
2021,6,14045,154.33008350151553,75,12,129180
2021,6,14438,0,115,0,129180
2021,6,14696,683.846385790191,57,6,129180
2021,6,14936,120.25262549485548,75,1,129180
2021,6,14968,172.30860327165752,37,4,129180
2021,6,15093,242.50377468238014,75,6,129180
2021,6,15361,0,105,0,129180
2021,6,15428,219.29792994984655,131,17,129180
2021,6,15448,0,41,0,129180
2021,6,15618,0,41,0,129180
2021,6,16183,1299.6964392500608,145,20,129180
2021,6,16349,79.28584153028237,43,2,129180
2021,6,16468,1492.8869404499756,109,24,129180
2021,6,16629,4954.838182640044,197,35,129180
2021,6,16632,388.914441154952,89,12,129180
2021,6,16660,17.82510147323196,29,3,129180
2021,6,16669,218.3482754954079,73,2,129180
2021,6,16849,235.263768151643,109,7,129180
2021,6,16877,279.94962001138674,79,8,129180
2021,6,16960,536.9709181420402,213,7,129180
2021,6,17067,59.2998730952922,47,2,129180
2021,6,17426,1562.2485395170418,95,14,129180
2021,6,17487,2205.9493042071854,95,17,129180
2021,6,17748,2053.3427864757205,91,17,129180
2021,6,17807,4404.36729353028,131,28,129180
2021,6,18300,330.3055795298727,45,4,129180
2021,6,18307,1691.595145331909,209,36,129180
2021,6,18524,0,29,0,129180
2021,6,18944,314.7788025666489,57,4,129180
2021,6,19619,1112.6315598476494,179,18,129180
2021,6,19622,371.8216902635794,61,9,129180
2021,6,20036,227.5334002667068,95,7,129180
2021,6,20215,41.261618976911734,79,1,129180
2021,7,1814,75.69709405651304,317,7,129180
2021,7,1985,1024.0799048633492,679,86,129180
2021,7,2101,543.3240085364816,337,45,129180
2021,7,10822,2895.314143194524,433,48,129180
2021,7,12002,16185.032526368386,1305,163,129180
2021,7,12103,156.25091829634138,391,12,129180
2021,7,12267,17942.301930108864,1713,212,129180
2021,7,13074,19561.2583939097,1903,217,129180
2021,7,15014,68.1384776108534,177,6,129180
2021,7,16892,7202.491361619508,1142,117,129180
2021,7,16917,13045.3533012219,775,123,129180
2021,7,17129,4788.629689015967,233,42,129180
2021,7,17137,1750.374019780956,365,19,129180
2021,7,17217,2873.726384302914,137,17,129180
2021,7,17257,2423.6743341191072,283,42,129180
2021,7,17642,8052.179009359608,257,53,129180
2021,7,17942,4199.3454551190225,457,62,129180
