year,stream_order,focal_reach,group_production,pct_of_total,n_reaches_in_group,n_reaches_with_production
2015,5,1165,6.954953449089868e-4,0.0695495344908986,13,2
2015,5,1360,0.0017494563700538126,0.17494563700538107,23,5
2015,5,1471,0,0,23,0
2015,5,1512,5.583526459939368e-4,0.055835264599393614,21,2
2015,5,1516,0.002428612376430462,0.24286123764304593,45,6
2015,5,1578,2.0006770348271653e-4,0.02000677034827163,13,1
2015,5,1661,0,0,13,0
2015,5,1749,4.170236914385962e-4,0.04170236914385957,13,1
2015,5,1847,0.009023607252435794,0.9023607252435784,63,18
2015,5,2090,0.0012929633779617206,0.12929633779617192,41,4
2015,5,2142,7.10517310255074e-4,0.07105173102550733,17,1
2015,5,2167,0.002578013754987689,0.25780137549876864,47,9
2015,5,2212,5.572011931353812e-4,0.055720119313538055,23,1
2015,5,2252,0,0,17,0
2015,5,2284,0,0,13,0
2015,5,2397,0,0,9,0
2015,5,2478,0.0022062331111348805,0.2206233111134878,35,5
2015,5,2589,8.907368657855149e-4,0.0890736865785514,19,2
2015,5,2636,0.002135670742503338,0.21356707425033358,27,6
2015,5,2802,0,0,9,0
2015,5,2881,0,0,13,0
2015,5,2900,0.001240648679560935,0.12406486795609338,21,3
2015,5,3054,0.001166726534781854,0.11667265347818528,27,3
2015,5,2983,3.0980450606993244e-4,0.030980450606993212,17,1
2015,5,3085,4.78720670241833e-4,0.04787206702418324,19,3
2015,5,3086,1.3951369333841003e-4,0.013951369333840988,17,1
2015,5,3099,0,0,9,0
2015,5,3154,0.0060535638186343926,0.6053563818634385,57,12
2015,5,3288,0,0,11,0
2015,5,3326,0.0017574182307687823,0.17574182307687802,17,4
2015,5,3376,0,0,7,0
2015,5,3394,0.0014058647954949947,0.14058647954949932,25,5
2015,5,3690,0.005010223153777716,0.5010223153777711,53,10
2015,5,3707,0.002473091271760289,0.24730912717602863,21,6
2015,5,3716,0.004829254860143887,0.48292548601438823,37,10
2015,5,3781,0,0,17,0
2015,5,3928,4.920003183320568e-6,4.920003183320563e-4,13,1
2015,5,3954,0,0,31,0
2015,5,4128,0.0011923353279270285,0.11923353279270273,17,2
2015,5,4196,0.0018302986922706516,0.18302986922706496,21,7
2015,5,4224,5.597093675438179e-4,0.05597093675438172,17,4
2015,5,4298,0.009626167068255451,0.9626167068255441,65,16
2015,5,4324,0,0,11,0
2015,5,4536,0,0,7,0
2015,5,4657,2.752456293534954e-4,0.02752456293534951,13,1
2015,5,4721,0.003230623362934679,0.32306233629346753,25,7
2015,5,4774,0.007448676508189829,0.7448676508189821,61,12
2015,5,4864,9.241396135990528e-5,0.009241396135990518,7,1
2015,5,5025,0.0017408100233088893,0.17408100233088875,47,11
2015,5,5079,0.0022864429816920728,0.228644298169207,73,18
2015,5,5134,0,0,11,0
2015,5,5202,0.026560356585163248,2.656035658516322,123,32
2015,5,5277,0.0011164489036204206,0.11164489036204193,15,4
2015,5,5285,0,0,11,0
2015,5,5440,4.3045550988234896e-4,0.04304555098823485,15,2
2015,5,5542,0,0,17,0
2015,5,5570,0,0,7,0
2015,5,5745,7.378653454138062e-4,0.07378653454138052,17,3
2015,5,5696,0.01063696075781275,1.0636960757812737,53,14
2015,5,5810,8.604055704663011e-4,0.08604055704663001,17,5
2015,5,5890,0,0,21,0
2015,5,5897,2.16508262110398e-4,0.021650826211039774,15,1
2015,5,5938,0.002543025241715172,0.2543025241715169,23,7
2015,5,5957,4.221871325025234e-4,0.042218713250252296,13,3
2015,5,6142,9.083495977353613e-4,0.09083495977353603,13,4
2015,5,6097,0,0,7,0
2015,5,6135,0.0025386161176323622,0.25386161176323596,15,5
2015,5,6164,2.079532869621788e-4,0.020795328696217856,13,1
2015,5,6191,0.001957905314709771,0.1957905314709769,23,10
2015,5,6192,0.0023721748241923007,0.2372174824192298,37,5
2015,5,6221,0.0017748499172946571,0.17748499172946552,25,9
2015,5,6265,0.0021931771910493085,0.2193177191049306,23,9
2015,5,6296,0.0029415990578688105,0.2941599057868807,31,6
2015,5,6326,0,0,7,0
2015,5,6352,8.158802607761306e-4,0.08158802607761297,15,4
2015,5,6417,2.3860620360992296e-4,0.02386062036099227,11,1
2015,5,6431,0.010164213157637731,1.0164213157637718,41,14
2015,5,6497,2.710813616882544e-4,0.027108136168825406,7,2
2015,5,6535,0.0016477689493971325,0.16477689493971306,21,6
2015,5,6581,0.005447008211898386,0.544700821189838,43,11
2015,5,6618,9.675063569754832e-4,0.09675063569754822,27,5
2015,5,6787,1.6325653049512873e-4,0.016325653049512855,17,1
2015,5,6875,0.004084508491786675,0.4084508491786671,27,8
2015,5,7119,7.114213786400137e-4,0.0711421378640013,41,4
2015,5,7172,5.237191373358125e-4,0.052371913733581195,15,3
2015,5,7268,0.0011788773041646536,0.11788773041646523,17,4
2015,5,7296,0.0025457128108695055,0.25457128108695026,37,13
2015,5,7329,2.86350551054444e-6,2.8635055105444366e-4,11,1
2015,5,7341,6.59995394480139e-4,0.06599953944801383,15,4
2015,5,7343,0.002099235389717691,0.20992353897176888,13,4
2015,5,7357,0,0,17,0
2015,5,7494,9.533178807025918e-4,0.09533178807025906,21,6
2015,5,7502,0.00794072761533253,0.7940727615332521,53,15
2015,5,7696,0.0032422502281555395,0.3242250228155536,25,6
2015,5,9208,1.2847937925171177e-4,0.012847937925171164,13,2
2015,5,10305,0.0024164844537747617,0.2416484453774759,49,16
2015,5,10344,0.001956450974634739,0.1956450974634737,29,7
2015,5,10395,0.005126179155403791,0.5126179155403785,35,12
2015,5,7728,2.4217561660322504e-4,0.024217561660322476,29,1
2015,5,7807,0.0014989610129495753,0.14989610129495734,11,4
2015,5,7868,0,0,7,0
2015,5,7895,0.002025671054084731,0.2025671054084729,19,7
2015,5,7913,9.581930350367818e-4,0.09581930350367808,15,6
2015,5,8056,0.0021362859601171164,0.2136285960117114,15,4
2015,5,8129,8.997700055642647e-4,0.08997700055642638,9,3
2015,5,8192,5.326623472905524e-4,0.05326623472905518,7,2
2015,5,8463,5.246508918975209e-4,0.05246508918975203,11,3
2015,5,8534,2.583502867312504e-4,0.025835028673125014,15,3
2015,5,8577,0.008974304189508722,0.8974304189508712,51,17
2015,5,8704,1.9573809480675624e-4,0.0195738094806756,13,3
2015,5,8869,0.002042686020169354,0.2042686020169352,35,8
2015,5,8944,0.0010588182486695958,0.10588182486695946,19,5
2015,5,9126,4.912700374574256e-4,0.04912700374574251,21,3
2015,5,9349,1.7870819511605965e-4,0.017870819511605945,13,2
2015,5,9600,0.006546443964855297,0.654644396485529,55,16
2015,5,9796,0.001654369036644214,0.16543690366442124,15,5
2015,5,9798,0.0025403613602954,0.25403613602953967,41,12
2015,5,9871,0.0030886637153033553,0.3088663715303352,55,14
2015,5,9925,3.540682246228631e-4,0.03540682246228627,17,4
2015,5,9972,2.99683045939196e-4,0.029968304593919567,9,2
2015,5,10002,0.005355064592361684,0.5355064592361678,49,14
2015,5,10083,8.861530104363627e-4,0.08861530104363617,15,6
2015,5,10166,2.5296380936174357e-4,0.02529638093617433,27,8
2015,5,10201,3.485294105586066e-4,0.03485294105586063,7,2
2015,5,10228,5.195386805099012e-4,0.05195386805099007,17,3
2015,5,10234,0.001980240597513765,0.19802405975137627,25,8
2015,5,10585,0.003714756136069343,0.3714756136069339,37,14
2015,5,11198,0.0047638505857834365,0.4763850585783431,43,15
2015,5,11469,6.463711394893348e-4,0.0646371139489334,9,2
2015,5,11500,0.005914841713969406,0.5914841713969399,19,8
2015,5,11524,0.012979377459807095,1.2979377459807082,73,34
2015,5,11639,0.0019232360996615377,0.19232360996615355,31,8
2015,5,11763,1.2038996745649062e-5,0.0012038996745649048,9,2
2015,5,11766,0.001561754470430241,0.15617544704302394,25,8
2015,5,11894,0.0017572548242380053,0.17572548242380034,29,9
2015,5,11990,0.008227712737486343,0.8227712737486335,37,15
2015,5,12092,0.0031123413940177137,0.311234139401771,33,13
2015,5,12266,0.0015725799135928615,0.15725799135928598,21,9
2015,5,12430,2.1977672630929133e-4,0.021977672630929108,11,3
2015,5,12793,0,0,9,0
2015,5,12657,2.553084399367783e-6,2.55308439936778e-4,23,6
2015,5,12804,1.7041278529116077e-5,0.0017041278529116057,55,23
2015,5,13003,0,0,49,0
2015,5,13138,9.099622807129024e-4,0.09099622807129014,29,11
2015,5,13189,0.0010880043100936617,0.10880043100936604,13,5
2015,5,13468,0,0,19,0
2015,5,13475,1.5957530870693443e-6,1.5957530870693425e-4,13,6
2015,5,13486,0,0,13,0
2015,5,13522,0.0019341781726628395,0.19341781726628374,29,11
2015,5,13790,0.0013826646472813483,0.13826646472813467,33,8
2015,5,13817,0.0049767928464229914,0.4976792846422986,25,10
2015,5,13830,4.97919888090607e-4,0.04979198880906065,9,3
2015,5,13852,3.723462784887055e-4,0.0372346278488705,13,3
2015,5,13868,1.7421624321463112e-4,0.017421624321463092,35,1
2015,5,13881,0.015390824912878664,1.5390824912878647,47,20
2015,5,14020,0.0019433383781888146,0.19433383781888125,27,10
2015,5,14124,0,0,35,0
2015,5,14219,0.0077533219377813375,0.7753321937781329,55,12
2015,5,14363,0.0167113171517942,1.671131715179418,57,24
2015,5,14418,0.0012767115046351818,0.127671150463518,27,10
2015,5,14421,0.0027777716439765215,0.2777771643976518,27,12
2015,5,14459,5.230968677503031e-4,0.05230968677503025,9,4
2015,5,14626,1.9636434964953647e-6,1.9636434964953627e-4,25,8
2015,5,14682,0,0,17,0
2015,5,14738,2.368541266903592e-5,0.0023685412669035896,7,1
2015,5,14756,0,0,37,0
2015,5,14967,1.0583024459337814e-4,0.010583024459337802,15,1
2015,5,15002,0,0,9,0
2015,5,15030,0.001862383942617227,0.18623839426172248,25,9
2015,5,15052,0.0016778793481158185,0.16778793481158166,57,8
2015,5,15293,0.004421219255286921,0.44212192552869156,29,12
2015,5,15134,7.593548850683334e-4,0.07593548850683325,13,3
2015,5,15154,0.0043210694077936,0.4321069407793595,15,6
2015,5,15178,2.563608166374337e-4,0.025636081663743343,13,5
2015,5,15219,0.003447393630179064,0.344739363017906,25,8
2015,5,15253,0,0,7,0
2015,5,15476,0.005361311054518088,0.5361311054518082,31,10
2015,5,15531,0.0017921895061354673,0.17921895061354653,31,9
2015,5,15563,0.0032212432183618715,0.3221243218361868,29,8
2015,5,15615,2.9540670972561656e-4,0.029540670972561623,15,1
2015,5,15700,2.8683318322631385e-4,0.02868331832263135,9,1
2015,5,15711,0.002881010292961081,0.2881010292961078,33,12
2015,5,15743,0.0021032619877250024,0.21032619877250003,23,8
2015,5,15752,0.003415560130738251,0.3415560130738247,41,16
2015,5,15770,5.613178079739838e-4,0.05613178079739831,11,3
2015,5,15790,0,0,11,0
2015,5,15913,1.8607012098485734e-4,0.018607012098485712,21,7
2015,5,15971,0.0011900476664150077,0.11900476664150064,25,10
2015,5,15977,0.001967090817269225,0.19670908172692228,23,4
2015,5,15996,0.0010210065013148773,0.10210065013148761,21,5
2015,5,16022,7.84836334548824e-4,0.07848363345488231,23,5
2015,5,16025,0.0013809645591222853,0.13809645591222838,109,32
2015,5,16060,0,0,13,0
2015,5,16091,0.0065750706430873895,0.6575070643087383,33,11
2015,5,16113,5.611500823331332e-4,0.05611500823331326,15,3
2015,5,16140,0.0013563600953635023,0.13563600953635008,29,6
2015,5,16171,0,0,7,0
2015,5,16195,3.140312002927492e-4,0.03140312002927489,11,2
2015,5,16257,0.008467008036941713,0.8467008036941704,81,31
2015,5,16284,5.937647627645884e-4,0.05937647627645877,11,4
2015,5,16366,0.0012593130252078,0.12593130252077986,9,2
2015,5,16407,9.850889553872446e-4,0.09850889553872436,9,3
2015,5,16531,0,0,15,0
2015,5,16573,0.0022442526861747164,0.2244252686174714,23,10
2015,5,16577,0,0,9,0
2015,5,16603,7.650290321441738e-4,0.07650290321441729,23,7
2015,5,16626,0.0010600127603265206,0.10600127603265196,21,5
2015,5,16707,5.990956625679005e-4,0.05990956625678999,27,4
2015,5,16726,0,0,19,0
2015,5,16735,6.78514298574665e-4,0.06785142985746642,9,4
2015,5,16783,0,0,9,0
2015,5,16798,7.763180302892402e-4,0.07763180302892393,15,6
2015,5,16854,0.0020681632649780907,0.20681632649780884,21,8
2015,5,16878,0.002937741259377135,0.2937741259377131,31,12
2015,5,16885,0.00462076234709905,0.46207623470990444,47,20
2015,5,16999,1.1031778788453671e-4,0.011031778788453659,11,2
2015,5,17025,0,0,45,0
2015,5,17198,8.411337430156243e-4,0.08411337430156234,17,4
2015,5,17245,7.580756859545639e-4,0.0758075685954563,15,4
2015,5,17330,0.002816512357623646,0.28165123576236434,31,12
2015,5,17345,5.868234575852008e-4,0.05868234575852002,11,4
2015,5,17400,8.319478011973907e-4,0.08319478011973898,27,5
2015,5,17457,0,0,25,0
2015,5,17504,8.338224378522257e-4,0.08338224378522248,13,5
2015,5,17526,0.006869189125829232,0.6869189125829224,61,26
2015,5,17601,9.831672035317614e-4,0.09831672035317603,13,5
2015,5,17616,2.015394976974601e-4,0.02015394976974599,9,1
2015,5,17793,0.0012810826000152098,0.12810826000152084,23,6
2015,5,17813,0,0,35,0
2015,5,17837,0.005285616585683854,0.5285616585683848,63,24
2015,5,17844,6.501060946875953e-4,0.06501060946875946,13,4
2015,5,17903,0,0,7,0
2015,5,17934,7.200090221797867e-4,0.0720009022179786,17,5
2015,5,18055,0.001233947608606971,0.12339476086069698,21,6
2015,5,18471,1.4429545620124493e-4,0.014429545620124476,11,1
2015,5,18452,0.0010277207772769617,0.10277207772769606,15,5
2015,5,18516,0.0010165755160509834,0.10165755160509823,23,7
2015,5,18559,5.748217850610096e-4,0.05748217850610089,15,5
2015,5,18575,0.0023307020608849638,0.23307020608849613,35,12
2015,5,18782,4.7404307512655006e-4,0.04740430751265495,19,3
2015,5,18845,0,0,11,0
2015,5,18876,0.0019229338963796996,0.19229338963796974,31,10
2015,5,18884,8.528943502035675e-4,0.08528943502035666,13,5
2015,5,18892,4.975663658186243e-4,0.04975663658186237,7,3
2015,5,18912,0.001687129978517637,0.1687129978517635,23,9
2015,5,18994,0.0012723284486710596,0.12723284486710582,23,6
2015,5,19045,0.0010313350201543523,0.10313350201543513,11,5
2015,5,19189,0.001779062063780237,0.1779062063780235,33,11
2015,5,19213,0.002593063398913421,0.2593063398913418,37,12
2015,5,19222,0.0031126683920504627,0.31126683920504594,39,15
2015,5,19251,0,0,59,0
2015,5,19252,0,0,9,0
2015,5,19323,0.0059868349900651235,0.5986834990065116,71,24
2015,5,19444,4.067202406646508e-4,0.040672024066465036,9,2
2015,5,19533,0.002980930875026526,0.2980930875026523,39,16
2015,5,19646,0.0038583492239141963,0.3858349223914192,47,16
2015,5,19780,1.1349111492433126e-4,0.011349111492433114,7,1
2015,5,19901,0.0010785063739387941,0.10785063739387928,19,6
2015,5,19966,1.6498253168693486e-4,0.016498253168693466,11,1
2015,5,19982,0,0,7,0
2015,5,20166,4.573001710784718e-4,0.04573001710784713,13,2
2015,5,20217,6.937806496074175e-4,0.06937806496074167,13,4
2015,5,20268,0.0012836964480350498,0.12836964480350482,39,8
2015,5,20282,0.0010515229135696065,0.10515229135696054,35,7
2015,5,20325,9.049678466051036e-4,0.09049678466051027,17,5
2015,5,20613,0.004292618896959354,0.42926188969593493,57,20
2015,5,20616,3.020141154187938e-4,0.030201411541879348,13,1
2015,5,20697,0.002021087744095826,0.2021087744095824,35,12
2015,5,20700,0.003549620500077097,0.3549620500077093,51,16
2015,5,20753,2.4177163538726656e-4,0.02417716353872663,11,3
2015,5,20760,0.0012742658021163656,0.12742658021163641,23,7
2015,6,1361,0.016216548410882575,1.6216548410882559,149,32
2015,6,2026,0.026661312546171385,2.6661312546171354,127,35
2015,6,2178,0.0032662707150186397,0.32662707150186365,87,8
2015,6,2191,0.036001796876075055,3.6001796876075014,201,51
2015,6,2244,0.002578013754987689,0.25780137549876864,57,9
2015,6,2548,0.0033256102840366546,0.3325610284036651,43,7
2015,6,2919,0.006535827933056362,0.6535827933056355,67,12
2015,6,2978,0.0016786261534154404,0.16786261534154384,41,4
2015,6,3008,0.01852492740407532,1.8524927404075298,109,33
2015,6,3202,0.020382988200695343,2.038298820069532,193,39
2015,6,3881,0.05261275121471909,5.261275121471903,289,74
2015,6,4014,0,0,65,0
2015,6,4933,0.03348386412794028,3.3483864127940244,191,52
2015,6,5361,0.0027934839328219553,0.27934839328219524,83,21
2015,6,6356,0.006352855419092684,0.6352855419092678,149,28
2015,6,6665,0.013175576875445112,1.3175576875445099,71,19
2015,6,6863,0.003790704554773771,0.37907045547737667,47,18
2015,6,7044,0.01838760639016095,1.8387606390160929,85,25
2015,6,7217,0.004956268414769986,0.4956268414769981,37,14
2015,6,7247,0.0010326600978059518,0.10326600978059508,27,5
2015,6,7397,0.0028812912380993387,0.28812912380993355,57,15
2015,6,8150,0.006566953576420949,0.6566953576420942,133,26
2015,6,7732,0.004598049903759924,0.45980499037599193,77,18
2015,6,7874,0.005613470050345246,0.561347005034524,39,12
2015,6,8668,0.0056671486965742205,0.5667148696574215,75,20
2015,6,8732,0.002039121562079771,0.20391215620797687,43,12
2015,6,9269,0.0025328202888916327,0.253282028889163,49,12
2015,6,9314,0.0018181654603209516,0.18181654603209496,41,9
2015,6,9989,0.003555937018261426,0.35559370182614225,69,23
2015,6,10295,0.007060645738511748,0.706064573851174,59,18
2015,6,10510,0.05318624552432946,5.31862455243294,307,99
2015,6,10735,0.012613836738149028,1.2613836738149014,133,50
2015,6,10832,0.00918031093702417,0.918031093702416,117,43
2015,6,12218,0.004178739964938136,0.4178739964938132,91,35
2015,6,12441,0.0030328958670620206,0.3032895867062017,125,52
2015,6,12731,9.535976359566537e-4,0.09535976359566527,25,5
2015,6,12847,0,0,45,0
2015,6,13326,0.006182558668225261,0.6182558668225254,69,30
2015,6,14045,0.021482900711258333,2.148290071125831,75,31
2015,6,14438,1.2631752924092726e-4,0.012631752924092713,115,1
2015,6,14696,0.0030865893029935368,0.3086589302993533,57,16
2015,6,14936,0.0020313086960384377,0.20313086960384355,75,10
2015,6,14968,0.002586614046607006,0.2586614046607003,37,12
2015,6,15093,0.003935834629708589,0.3935834629708585,75,16
2015,6,15361,0.019065014919756835,1.9065014919756813,105,35
2015,6,15428,0.031174134748241072,3.1174134748241036,131,42
2015,6,15448,0.004920752427430343,0.4920752427430338,41,11
2015,6,15618,0.0030326907974786528,0.30326907974786493,41,6
2015,6,16183,0.012538361899000476,1.2538361899000463,145,54
2015,6,16349,0.002110213811000946,0.2110213811000944,43,10
2015,6,16468,0.011808567085854675,1.180856708585466,109,48
2015,6,16629,0.016594241158928092,1.6594241158928074,197,69
2015,6,16632,0.0014834070629825146,0.14834070629825127,89,31
2015,6,16660,0.0019404846344336488,0.19404846344336465,29,12
2015,6,16669,0.002489643598023616,0.24896435980236134,73,13
2015,6,16849,0.004564331135826403,0.45643311358263977,109,20
2015,6,16877,0.006217186889152315,0.6217186889152307,79,27
2015,6,16960,0.0045150789473132145,0.4515078947313209,213,24
2015,6,17067,0.0030449138543948034,0.30449138543948,47,15
2015,6,17426,0.007416272159996017,0.7416272159996009,95,31
2015,6,17487,0.008162209472182652,0.8162209472182644,95,34
2015,6,17748,0.007442147171936742,0.7442147171936734,91,33
2015,6,17807,0.012516950187363205,1.2516950187363192,131,48
2015,6,18300,0.0028174057968426178,0.28174057968426147,45,13
2015,6,18307,0.019953297978839966,1.9953297978839946,209,76
2015,6,18524,0.0011453777072747285,0.11453777072747272,29,8
2015,6,18944,0.0033752181070991357,0.33752181070991316,57,18
2015,6,19619,0.013826499907444396,1.382649990744438,179,56
2015,6,19622,0.005395075230286654,0.5395075230286648,61,21
2015,6,20036,0.007488086604015463,0.7488086604015455,95,28
2015,6,20215,0.004034898789747654,0.40348987897476496,79,21
2015,7,1814,0.040577834438189804,4.057783443818976,317,71
2015,7,1985,0.13949187668126262,13.949187668126244,679,203
2015,7,2101,0.06788369282031124,6.788369282031118,337,91
2015,7,10822,0.027131013274117016,2.7131013274116986,433,110
2015,7,12002,0.07372124716349285,7.372124716349276,1305,416
2015,7,12103,0.06457254752569701,6.4572547525696935,391,124
2015,7,12267,0.22000885826046215,22.00088582604619,1713,564
2015,7,13074,0.10812719596613209,10.812719596613196,1903,562
2015,7,15014,0.03009615144965498,3.009615144965495,177,55
2015,7,16892,0.06814670308862311,6.814670308862304,1142,266
2015,7,16917,0.06804540649651235,6.804540649651228,775,265
2015,7,17129,0.02020584304339931,2.0205843043399287,233,82
2015,7,17137,0.011950272422704977,1.1950272422704962,365,55
2015,7,17217,0.010005495218943181,1.000549521894317,137,47
2015,7,17257,0.025013080380286174,2.501308038028615,283,92
2015,7,17642,0.022903694370770295,2.290369437077027,257,93
2015,7,17942,0.03992057942350909,3.9920579423509044,457,151
2016,5,1165,3.71489274231643e-4,0.03714892742316419,13,2
2016,5,1360,9.686517632735832e-4,0.09686517632735804,23,5
2016,5,1471,0,0,23,0
2016,5,1512,2.981199284850266e-4,0.029811992848502576,21,2
2016,5,1516,0.0014417644693837928,0.14417644693837886,45,6
2016,5,1578,1.2286164706358006e-4,0.01228616470635797,13,1
2016,5,1661,0,0,13,0
2016,5,1749,2.596317174140759e-4,0.025963171741407515,13,1
2016,5,1847,0.005086352420121265,0.508635242012125,63,18
2016,5,2090,6.528896979132047e-4,0.06528896979132029,41,4
2016,5,2142,3.8888005505160697e-4,0.03888800550516058,17,1
2016,5,2167,0.0016061119038178096,0.1606111903817805,47,9
2016,5,2212,2.8641717429724473e-4,0.028641717429724392,23,1
2016,5,2252,0,0,17,0
2016,5,2284,0,0,13,0
2016,5,2397,0,0,9,0
2016,5,2478,0.001183801672834136,0.11838016728341326,35,5
2016,5,2589,4.701778842749587e-4,0.04701778842749574,19,2
2016,5,2636,0.0011075182058373938,0.11075182058373906,27,6
2016,5,2802,0,0,9,0
2016,5,2881,0,0,13,0
2016,5,2900,6.541298526020641e-4,0.06541298526020622,21,3
2016,5,3054,6.496696046514212e-4,0.06496696046514194,27,3
2016,5,2983,1.6299594140972086e-4,0.01629959414097204,17,1
2016,5,3085,2.5639450300237886e-4,0.025639450300237808,19,3
2016,5,3086,7.804188359056543e-5,0.00780418835905652,17,1
2016,5,3099,0,0,9,0
2016,5,3154,0.00313511874800513,0.3135118748005121,57,12
2016,5,3288,0,0,11,0
2016,5,3326,9.540698416751135e-4,0.09540698416751107,17,4
2016,5,3376,0,0,7,0
2016,5,3394,7.710828912497702e-4,0.0771082891249768,25,5
2016,5,3690,0.0026852768602212366,0.2685276860221229,53,10
2016,5,3707,0.0012627215908218288,0.1262721590821825,21,6
2016,5,3716,0.0025929462034443634,0.2592946203444356,37,10
2016,5,3781,0,0,17,0
2016,5,3928,2.693546667923194e-6,2.6935466679231865e-4,13,1
2016,5,3954,0,0,31,0
2016,5,4128,6.432095762029619e-4,0.06432095762029601,17,2
2016,5,4196,0.0011545838269983965,0.11545838269983932,21,7
2016,5,4224,3.633804697216696e-4,0.03633804697216686,17,4
2016,5,4298,0.0050630859795957085,0.5063085979595694,65,16
2016,5,4324,0,0,11,0
2016,5,4536,0,0,7,0
2016,5,4657,1.5152055988379394e-4,0.01515205598837935,13,1
2016,5,4721,0.0017775335377305328,0.17775335377305276,25,7
2016,5,4774,0.0037597229447404144,0.37597229447404035,61,12
2016,5,4864,1.720931236493859e-4,0.017209312364938542,7,1
2016,5,5025,0.0034343415379662146,0.34343415379662046,47,11
2016,5,5079,0.004635090886755751,0.4635090886755738,73,18
2016,5,5134,0,0,11,0
2016,5,5202,0.013685746020404562,1.3685746020404521,123,32
2016,5,5277,5.648293601126222e-4,0.05648293601126206,15,4
2016,5,5285,0,0,11,0
2016,5,5440,2.2972640397501514e-4,0.02297264039750145,15,2
2016,5,5542,0,0,17,0
2016,5,5570,0,0,7,0
2016,5,5745,0.0011778002259564698,0.11778002259564663,17,3
2016,5,5696,0.005471004553651771,0.5471004553651755,53,14
2016,5,5810,0.0016299793487634562,0.16299793487634515,17,5
2016,5,5890,0,0,21,0
2016,5,5897,1.1176400574273168e-4,0.011176400574273136,15,1
2016,5,5938,0.001363719221019908,0.13637192210199042,23,7
2016,5,5957,2.769463592163762e-4,0.027694635921637536,13,3
2016,5,6142,0.0016503843067280787,0.16503843067280738,13,4
2016,5,6097,0,0,7,0
2016,5,6135,0.0014068523793988466,0.14068523793988424,15,5
2016,5,6164,3.8602419503225874e-4,0.03860241950322576,13,1
2016,5,6191,0.003412949688781436,0.3412949688781426,23,10
2016,5,6192,0.0012626757734083107,0.1262675773408307,37,5
2016,5,6221,0.003407474361171556,0.3407474361171546,25,9
2016,5,6265,0.004193396700314072,0.419339670031406,23,9
2016,5,6296,0.0015384848470597508,0.15384848470597465,31,6
2016,5,6326,0,0,7,0
2016,5,6352,0.00160023291017688,0.16002329101768756,15,4
2016,5,6417,1.2160232265574407e-4,0.012160232265574372,11,1
2016,5,6431,0.005242346231082429,0.5242346231082414,41,14
2016,5,6497,4.893715831287114e-4,0.048937158312871,7,2
2016,5,6535,0.0031233564945112226,0.31233564945112136,21,6
2016,5,6581,0.002766510814897514,0.2766510814897506,43,11
2016,5,6618,0.0018295384853710501,0.1829538485371045,27,5
2016,5,6787,2.8088123928341163e-4,0.02808812392834108,17,1
2016,5,6875,0.0022399255613075007,0.22399255613074942,27,8
2016,5,7119,0.0012593095651169028,0.12593095651168992,41,4
2016,5,7172,2.847906906244897e-4,0.02847906906244889,15,3
2016,5,7268,0.0020790756289450745,0.20790756289450685,17,4
2016,5,7296,0.004984293489987344,0.4984293489987329,37,13
2016,5,7329,1.534009619715172e-6,1.5340096197151676e-4,11,1
2016,5,7341,8.567647595221451e-4,0.08567647595221427,15,4
2016,5,7343,0.001123080022417714,0.11230800224177108,13,4
2016,5,7357,0,0,17,0
2016,5,7494,0.0012890480179512497,0.12890480179512462,21,6
2016,5,7502,0.004057461497243277,0.4057461497243265,53,15
2016,5,7696,0.001650120751518092,0.16501207515180874,25,6
2016,5,9208,1.403945144491166e-4,0.01403945144491162,13,2
2016,5,10305,0.0027629337065191205,0.2762933706519113,49,16
2016,5,10344,0.0011956926792571704,0.11956926792571669,29,7
2016,5,10395,0.003251736277270001,0.32517362772699915,35,12
2016,5,7728,4.572266412733534e-4,0.04572266412733521,29,1
2016,5,7807,9.78330534161577e-4,0.09783305341615743,11,4
2016,5,7868,0,0,7,0
2016,5,7895,0.0013837539736495114,0.13837539736495075,19,7
2016,5,7913,0.001209933363291465,0.12099333632914615,15,6
2016,5,8056,0.0011104174618141492,0.1110417461814146,15,4
2016,5,8129,5.581789752408915e-4,0.055817897524088986,9,3
2016,5,8192,7.95420456243878e-4,0.07954204562438758,7,2
2016,5,8463,9.959911625516855e-4,0.09959911625516828,11,3
2016,5,8534,2.973544899054344e-4,0.029735448990543353,15,3
2016,5,8577,0.005279079678959466,0.5279079678959451,51,17
2016,5,8704,2.1548732499535394e-4,0.02154873249953533,13,3
2016,5,8869,0.0038464320723832156,0.38464320723832046,35,8
2016,5,8944,0.0014099159100492175,0.14099159100492134,19,5
2016,5,9126,8.26816204971137e-4,0.08268162049711346,21,3
2016,5,9349,2.445413241064183e-4,0.024454132410641757,13,2
2016,5,9600,0.004108944667526714,0.4108944667526702,55,16
2016,5,9796,8.368629870869547e-4,0.08368629870869523,15,5
2016,5,9798,0.003491699199763889,0.3491699199763879,41,12
2016,5,9871,0.005486607223557456,0.548660722355744,55,14
2016,5,9925,2.3303814013145768e-4,0.0233038140131457,17,4
2016,5,9972,3.612131901715556e-4,0.03612131901715546,9,2
2016,5,10002,0.0032336298852066337,0.3233629885206624,49,14
2016,5,10083,0.00117378095526082,0.11737809552608165,15,6
2016,5,10166,2.7536414914055386e-4,0.027536414914055306,27,8
2016,5,10201,2.4262204009079392e-4,0.024262204009079323,7,2
2016,5,10228,3.65878349115026e-4,0.0365878349115025,17,3
2016,5,10234,0.001347303878003026,0.13473038780030222,25,8
2016,5,10585,0.006985255177807477,0.6985255177807457,37,14
2016,5,11198,0.003245753251307865,0.3245753251307855,43,15
2016,5,11469,4.0496401969329534e-4,0.04049640196932942,9,2
2016,5,11500,0.0029725443022339667,0.2972544302233958,19,8
2016,5,11524,0.009063674759502486,0.906367475950246,73,34
2016,5,11639,0.0036376285616734803,0.363762856167347,31,8
2016,5,11763,3.988853436593122e-5,0.00398885343659311,9,2
2016,5,11766,0.002807385716739893,0.28073857167398847,25,8
2016,5,11894,0.0032079352663256272,0.32079352663256183,29,9
2016,5,11990,0.00440162306409988,0.4401623064099867,37,15
2016,5,12092,0.005193284003853041,0.5193284003853027,33,13
2016,5,12266,0.0020904855455395853,0.20904855455395793,21,9
2016,5,12430,2.614602498691483e-4,0.026146024986914755,11,3
2016,5,12793,0,0,9,0
2016,5,12657,1.9509825568769768e-4,0.01950982556876971,23,6
2016,5,12804,9.079010525570073e-4,0.09079010525570047,55,23
2016,5,13003,0,0,49,0
2016,5,13138,0.0010731728759758518,0.10731728759758488,29,11
2016,5,13189,0.001264832773710888,0.12648327737108842,13,5
2016,5,13468,0,0,19,0
2016,5,13475,2.1250065126521321e-4,0.02125006512652126,13,6
2016,5,13486,0,0,13,0
2016,5,13522,0.0022249387399678206,0.22249387399678142,29,11
2016,5,13790,0.0018775758057893927,0.18775758057893874,33,8
2016,5,13817,0.00244057354462566,0.2440573544625653,25,10
2016,5,13830,6.150686829415583e-4,0.06150686829415566,9,3
2016,5,13852,7.303812161728158e-4,0.07303812161728138,13,3
2016,5,13868,1.9378964833635545e-4,0.01937896483363549,35,1
2016,5,13881,0.007697785719505148,0.7697785719505125,47,20
2016,5,14020,0.0038678971506395815,0.38678971506395704,27,10
2016,5,14124,0,0,35,0
2016,5,14219,0.003869851210111964,0.38698512101119525,55,12
2016,5,14363,0.008211525792220951,0.8211525792220927,57,24
2016,5,14418,8.190793608529724e-4,0.081907936085297,27,10
2016,5,14421,0.002103657240328737,0.2103657240328731,27,12
2016,5,14459,6.65880592387576e-4,0.06658805923875741,9,4
2016,5,14626,3.0848725144154795e-4,0.03084872514415471,25,8
2016,5,14682,0,0,17,0
2016,5,14738,2.9092337717327023e-5,0.002909233771732694,7,1
2016,5,14756,0,0,37,0
2016,5,14967,1.159322551038932e-4,0.011593225510389285,15,1
2016,5,15002,0,0,9,0
2016,5,15030,0.0030584409333120465,0.30584409333120377,25,9
2016,5,15052,0.0030915243881792166,0.30915243881792076,57,8
2016,5,15293,0.002296835203219962,0.22968352032199552,29,12
2016,5,15134,3.9245114870260485e-4,0.03924511487026037,13,3
2016,5,15154,0.0021907692925963035,0.2190769292596297,15,6
2016,5,15178,2.8944611763423976e-4,0.028944611763423896,13,5
2016,5,15219,0.0017687960550379345,0.17687960550379292,25,8
2016,5,15253,0,0,7,0
2016,5,15476,0.00253555207333081,0.2535552073330803,31,10
2016,5,15531,0.003483228697288804,0.3483228697288794,31,9
2016,5,15563,0.0016308365035421536,0.16308365035421488,29,8
2016,5,15615,1.515744580530433e-4,0.015157445805304287,15,1
2016,5,15700,1.4856050120881886e-4,0.014856050120881842,9,1
2016,5,15711,0.005338836230346809,0.5338836230346793,33,12
2016,5,15743,0.003943239287882377,0.3943239287882366,23,8
2016,5,15752,0.006363716193648065,0.6363716193648047,41,16
2016,5,15770,9.879143324452715e-4,0.09879143324452687,11,3
2016,5,15790,0,0,11,0
2016,5,15913,2.826418906486371e-4,0.02826418906486363,21,7
2016,5,15971,0.002372521139373796,0.23725211393737894,25,10
2016,5,15977,0.0010006050893791492,0.10006050893791463,23,4
2016,5,15996,0.0019526503641947137,0.1952650364194708,21,5
2016,5,16022,0.0013108477045461846,0.13108477045461808,23,5
2016,5,16025,0.0020779900843664483,0.20779900843664423,109,32
2016,5,16060,0,0,13,0
2016,5,16091,0.0035314717895254194,0.3531471789525409,33,11
2016,5,16113,0.0010633577008886744,0.10633577008886713,15,3
2016,5,16140,0.002626986672229013,0.26269866722290053,29,6
2016,5,16171,0,0,7,0
2016,5,16195,6.019465653166992e-4,0.06019465653166974,11,2
2016,5,16257,0.01568454477683306,1.5684544776833016,81,31
2016,5,16284,7.558917501364961e-4,0.0755891750136494,11,4
2016,5,16366,6.262366332146084e-4,0.06262366332146066,9,2
2016,5,16407,4.936036630179726e-4,0.04936036630179712,9,3
2016,5,16531,0,0,15,0
2016,5,16573,0.003705219081769149,0.3705219081769138,23,10
2016,5,16577,0,0,9,0
2016,5,16603,0.0015250447941159233,0.1525044794115919,23,7
2016,5,16626,0.0019691723517143876,0.1969172351714382,21,5
2016,5,16707,0.001073401357869294,0.1073401357869291,27,4
2016,5,16726,0,0,19,0
2016,5,16735,0.0013405833118727009,0.1340583311872697,9,4
2016,5,16783,0,0,9,0
2016,5,16798,0.0015400871325794807,0.15400871325794763,15,6
2016,5,16854,0.003941633644614522,0.3941633644614511,21,8
2016,5,16878,0.0055132688038341746,0.5513268803834159,31,12
2016,5,16885,0.008185995518655903,0.8185995518655879,47,20
2016,5,16999,1.205441544595077e-4,0.012054415445950735,11,2
2016,5,17025,0,0,45,0
2016,5,17198,0.001584085182668847,0.15840851826688424,17,4
2016,5,17245,0.0013913624850791133,0.13913624850791093,15,4
2016,5,17330,0.004969211102918886,0.4969211102918872,31,12
2016,5,17345,0.0010142548274942728,0.10142548274942698,11,4
2016,5,17400,0.0013880797860621684,0.13880797860621646,27,5
2016,5,17457,0,0,25,0
2016,5,17504,0.001571444766993811,0.15714447669938064,13,5
2016,5,17526,0.012075195961316643,1.207519596131661,61,26
2016,5,17601,0.0017526647605581082,0.1752664760558103,13,5
2016,5,17616,3.4314709621520814e-4,0.034314709621520716,9,1
2016,5,17793,0.002342262532716405,0.23422625327163982,23,6
2016,5,17813,0,0,35,0
2016,5,17837,0.008614001371948671,0.8614001371948646,63,24
2016,5,17844,0.001179277386934156,0.11792773869341525,13,4
2016,5,17903,0,0,7,0
2016,5,17934,0.001041283972426068,0.1041283972426065,17,5
2016,5,18055,0.002169688040730487,0.21696880407304808,21,6
2016,5,18471,2.516574387526784e-4,0.025165743875267772,11,1
2016,5,18452,0.0019590628929331694,0.19590628929331638,15,5
2016,5,18516,0.0017342997257919451,0.17342997257919401,23,7
2016,5,18559,0.0010035570359550995,0.10035570359550967,15,5
2016,5,18575,0.00395245396958526,0.3952453969585249,35,12
2016,5,18782,7.25826100388454e-4,0.0725826100388452,19,3
2016,5,18845,0,0,11,0
2016,5,18876,0.0035050070696532594,0.3505007069653249,31,10
2016,5,18884,0.0016156275356997468,0.1615627535699742,13,5
2016,5,18892,8.568254304946352e-4,0.08568254304946328,7,3
2016,5,18912,0.0029700848547201467,0.2970084854720138,23,9
2016,5,18994,0.002200499986022792,0.22004999860227853,23,6
2016,5,19045,0.001910920101454167,0.19109201014541616,11,5
2016,5,19189,0.0030471139378435135,0.30471139378435047,33,11
2016,5,19213,0.004478784015077099,0.4478784015077086,37,12
2016,5,19222,0.005263581562815169,0.5263581562815154,39,15
2016,5,19251,0,0,59,0
2016,5,19252,0,0,9,0
2016,5,19323,0.010972443287427271,1.097244328742724,71,24
2016,5,19444,7.58946168667596e-4,0.07589461686675938,9,2
2016,5,19533,0.005422942751648222,0.5422942751648206,39,16
2016,5,19646,0.007194460737621481,0.719446073762146,47,16
2016,5,19780,2.1062977621520132e-4,0.02106297762152007,7,1
2016,5,19901,0.0020159252324494824,0.20159252324494767,19,6
2016,5,19966,3.02497372884445e-4,0.030249737288444413,11,1
2016,5,19982,0,0,7,0
2016,5,20166,8.441218169290047e-4,0.08441218169290023,13,2
2016,5,20217,0.0012834267956612952,0.12834267956612916,13,4
2016,5,20268,0.0024015597709776577,0.2401559770977651,39,8
2016,5,20282,0.0019557056945156775,0.19557056945156717,35,7
2016,5,20325,0.0016749332298802244,0.16749332298802197,17,5
2016,5,20613,0.007990578300953089,0.7990578300953066,57,20
2016,5,20616,5.611500007221417e-4,0.05611500007221401,13,1
2016,5,20697,0.0038257712556799637,0.3825771255679953,35,12
2016,5,20700,0.006619613024349152,0.6619613024349132,51,16
2016,5,20753,4.5540437860211143e-4,0.04554043786021102,11,3
2016,5,20760,0.002427264286310511,0.2427264286310504,23,7
2016,6,1361,0.009235318087830287,0.9235318087830261,149,32
2016,6,2026,0.013837713909461142,1.3837713909461102,127,35
2016,6,2178,0.0016542402584707595,0.16542402584707547,87,8
2016,6,2191,0.018134116135596495,1.8134116135596443,201,51
2016,6,2244,0.0016061119038178096,0.1606111903817805,57,9
2016,6,2548,0.0017545384505627155,0.17545384505627107,43,7
2016,6,2919,0.0035453186718550933,0.3545318671855083,67,12
2016,6,2978,9.343622012613829e-4,0.09343622012613802,41,4
2016,6,3008,0.010032042554061536,1.0032042554061507,109,33
2016,6,3202,0.010849311004905235,1.0849311004905204,193,39
2016,6,3881,0.026347298807038302,2.6347298807038224,289,74
2016,6,4014,0,0,65,0
2016,6,4933,0.01808155816403675,1.8081558164036697,191,52
2016,6,5361,0.005631874870954233,0.5631874870954217,83,21
2016,6,6356,0.011549494849594274,1.1549494849594242,149,28
2016,6,6665,0.0068778569330506184,0.6877856933050599,71,19
2016,6,6863,0.006804145558499595,0.6804145558499575,47,18
2016,6,7044,0.009531315432283395,0.9531315432283367,85,25
2016,6,7217,0.003401774532523873,0.3401774532523863,37,14
2016,6,7247,5.599916340773022e-4,0.055999163407730056,27,5
2016,6,7397,0.005632237545274226,0.5632237545274209,57,15
2016,6,8150,0.012608447751601633,1.2608447751601597,133,26
2016,6,7732,0.008637762634597574,0.863776263459755,77,18
2016,6,7874,0.003127090976875914,0.3127090976875905,39,12
2016,6,8668,0.003703391106096229,0.3703391106096218,75,20
2016,6,8732,0.002456135244359386,0.2456135244359379,43,12
2016,6,9269,0.004433227863181087,0.4433227863181074,49,12
2016,6,9314,0.0026159312244919885,0.26159312244919813,41,9
2016,6,9989,0.004215195401119019,0.4215195401119007,69,23
2016,6,10295,0.0043131119332416885,0.4313111933241676,59,18
2016,6,10510,0.030169838488693604,3.016983848869352,307,99
2016,6,10735,0.02355284423309441,2.3552844233094343,133,50
2016,6,10832,0.012301751975313809,1.2301751975313775,117,43
2016,6,12218,0.005089898576495199,0.5089898576495184,91,35
2016,6,12441,0.004485473054563409,0.4485473054563396,125,52
2016,6,12731,0.0018109686391081972,0.1810968639108192,25,5
2016,6,12847,0,0,45,0
2016,6,13326,0.004535348097745372,0.4535348097745359,69,30
2016,6,14045,0.010703971292101183,1.070397129210115,75,31
2016,6,14438,2.3623581679866988e-4,0.02362358167986692,115,1
2016,6,14696,0.004008883158097771,0.400888315809776,57,16
2016,6,14936,0.0035890280555122877,0.3589028055512277,75,10
2016,6,14968,0.004382091309167702,0.43820913091676894,37,12
2016,6,15093,0.007303324433740499,0.7303324433740478,75,16
2016,6,15361,0.009853183703764364,0.9853183703764337,105,35
2016,6,15428,0.016192294980125227,1.6192294980125181,131,42
2016,6,15448,0.0024883359432163856,0.24883359432163782,41,11
2016,6,15618,0.0015321919727172269,0.15321919727172226,41,6
2016,6,16183,0.023730615952238073,2.3730615952238003,145,54
2016,6,16349,0.004016138174406556,0.40161381744065444,43,10
2016,6,16468,0.021307273611933776,2.1307273611933715,109,48
2016,6,16629,0.028966048752998814,2.896604875299873,197,69
2016,6,16632,0.002129620158191118,0.21296201581911117,89,31
2016,6,16660,0.0038372336079446814,0.383723360794467,29,12
2016,6,16669,0.004204192904296273,0.4204192904296261,73,13
2016,6,16849,0.008310330579119165,0.8310330579119141,109,20
2016,6,16877,0.011562623595869771,1.1562623595869739,79,27
2016,6,16960,0.0076091043407513085,0.7609104340751287,213,24
2016,6,17067,0.005604057277429196,0.560405727742918,47,15
2016,6,17426,0.013112252687473397,1.3112252687473358,95,31
2016,6,17487,0.014000959112637325,1.4000959112637286,95,34
2016,6,17748,0.0123947927976182,1.2394792797618164,91,33
2016,6,17807,0.021146380925976208,2.1146380925976147,131,48
2016,6,18300,0.0048811114684653755,0.48811114684653617,45,13
2016,6,18307,0.03804077951841864,3.804077951841853,209,76
2016,6,18524,0.0019944989100894477,0.19944989100894422,29,8
2016,6,18944,0.0057933079576343765,0.579330795763436,57,18
2016,6,19619,0.02589329427526197,2.5893294275261893,179,56
2016,6,19622,0.010084057337209455,1.0084057337209427,61,21
2016,6,20036,0.01399038145527133,1.399038145527129,95,28
2016,6,20215,0.007508206447221909,0.7508206447221887,79,21
2016,7,1814,0.022320745189288102,2.232074518928804,317,71
2016,7,1985,0.07612904499927639,7.612904499927617,679,203
2016,7,2101,0.03454083123365771,3.4540831233657614,337,91
2016,7,10822,0.049956660839833425,4.995666083983328,433,110
2016,7,12002,0.11533878967731633,11.5338789677316,1305,416
2016,7,12103,0.03737063227246461,3.7370632272464497,391,124
2016,7,12267,0.21508842418572152,21.50884241857209,1713,564
2016,7,13074,0.17855247805510954,17.855247805510903,1903,562
2016,7,15014,0.015464940418834039,1.5464940418833995,177,55
2016,7,16892,0.12670556125237975,12.670556125237939,1142,266
2016,7,16917,0.12161594598002103,12.161594598002068,775,265
2016,7,17129,0.03536579886908339,3.5365798869083287,233,82
2016,7,17137,0.020938602182306868,2.093860218230681,365,55
2016,7,17217,0.016993189366807836,1.6993189366807788,137,47
2016,7,17257,0.046973569136232234,4.697356913623209,283,92
2016,7,17642,0.03818206679658836,3.8182066796588248,257,93
2016,7,17942,0.07388136293337132,7.38813629333711,457,151
2021,5,1165,3.108397418873002e-4,0.03108397418873003,13,2
2021,5,1360,7.773837117854687e-4,0.07773837117854687,23,5
2021,5,1471,0,0,23,0
2021,5,1512,2.497368403851535e-4,0.024973684038515357,21,2
2021,5,1516,0.0010453384477710002,0.10453384477710004,45,6
2021,5,1578,8.367377678855385e-5,0.008367377678855386,13,1
2021,5,1661,0,0,13,0
2021,5,1749,1.7201696413573543e-4,0.017201696413573546,13,1
2021,5,1847,0.00401632850256223,0.4016328502562231,63,18
2021,5,2090,5.777860877562893e-4,0.05777860877562894,41,4
2021,5,2142,3.1884267815968635e-4,0.03188426781596864,17,1
2021,5,2167,0.0010626551554094564,0.10626551554094565,47,9
2021,5,2212,2.5108527653732306e-4,0.02510852765373231,23,1
2021,5,2252,0,0,17,0
2021,5,2284,0,0,13,0
2021,5,2397,0,0,9,0
2021,5,2478,9.919438150819612e-4,0.09919438150819615,35,5
2021,5,2589,4.0344664971578433e-4,0.04034466497157844,19,2
2021,5,2636,9.717677568958046e-4,0.09717677568958047,27,6
2021,5,2802,0,0,9,0
2021,5,2881,0,0,13,0
2021,5,2900,5.623068336823988e-4,0.05623068336823989,21,3
2021,5,3054,5.204027778287557e-4,0.05204027778287558,27,3
2021,5,2983,1.403907331078331e-4,0.014039073310783311,17,1
2021,5,3085,2.1588516660061942e-4,0.021588516660061945,19,3
2021,5,3086,6.207738275054723e-5,0.006207738275054725,17,1
2021,5,3099,0,0,9,0
2021,5,3154,0.0027303766277356634,0.2730376627735664,57,12
2021,5,3288,0,0,11,0
2021,5,3326,7.924790923725753e-4,0.07924790923725754,17,4
2021,5,3376,0,0,7,0
2021,5,3394,6.326467414233173e-4,0.06326467414233175,25,5
2021,5,3690,0.002255957311386548,0.22559573113865483,53,10
2021,5,3707,0.001129334904518217,0.11293349045182172,21,6
2021,5,3716,0.002176612545088324,0.21766125450883245,37,10
2021,5,3781,0,0,17,0
2021,5,3928,2.213858688160742e-6,2.2138586881607426e-4,13,1
2021,5,3954,0,0,31,0
2021,5,4128,5.385073593278553e-4,0.05385073593278554,17,2
2021,5,4196,7.500826253829675e-4,0.07500826253829676,21,7
2021,5,4224,1.700900156596389e-4,0.017009001565963893,17,4
2021,5,4298,0.004412668481705744,0.44126684817057443,65,16
2021,5,4324,0,0,11,0
2021,5,4536,0,0,7,0
2021,5,4657,1.2362677906367192e-4,0.012362677906367194,13,1
2021,5,4721,0.0014504320327077508,0.1450432032707751,25,7
2021,5,4774,0.0033940140842562425,0.3394014084256243,61,12
2021,5,4864,1.5615927556542937e-4,0.01561592755654294,7,1
2021,5,5025,0.002286883150492558,0.22868831504925585,47,11
2021,5,5079,0.002693769606259564,0.26937696062595645,73,18
2021,5,5134,0,0,11,0
2021,5,5202,0.012108907724338187,1.210890772433819,123,32
2021,5,5277,5.057244961765404e-4,0.05057244961765405,15,4
2021,5,5285,0,0,11,0
2021,5,5440,1.9455737873288074e-4,0.019455737873288078,15,2
2021,5,5542,0,0,17,0
2021,5,5570,0,0,7,0
2021,5,5745,0.0016780164812454715,0.16780164812454718,17,3
2021,5,5696,0.004886753128337067,0.4886753128337068,53,14
2021,5,5810,0.0013613187360148429,0.13613187360148432,17,5
2021,5,5890,0,0,21,0
2021,5,5897,9.823242120152928e-5,0.009823242120152929,15,1
2021,5,5938,0.0011500586216490927,0.1150058621649093,23,7
2021,5,5957,1.1893523741817643e-4,0.011893523741817643,13,3
2021,5,6142,0.001678802643516593,0.16788026435165931,13,4
2021,5,6097,0,0,7,0
2021,5,6135,0.0011635329152723723,0.11635329152723725,15,5
2021,5,6164,3.7890967990040705e-4,0.037890967990040714,13,1
2021,5,6191,0.0038707979672751138,0.3870797967275114,23,10
2021,5,6192,0.0010728385524603288,0.1072838552460329,37,5
2021,5,6221,0.0026385826545692057,0.2638582654569206,25,9
2021,5,6265,0.0032986642550662678,0.3298664255066268,23,9
2021,5,6296,0.0013510504100613294,0.13510504100613296,31,6
2021,5,6326,0,0,7,0
2021,5,6352,0.0010862624945963794,0.10862624945963796,15,4
2021,5,6417,1.0829630066592664e-4,0.010829630066592665,11,1
2021,5,6431,0.0046733598770809645,0.46733598770809653,41,14
2021,5,6497,5.022749194519031e-4,0.05022749194519032,7,2
2021,5,6535,0.0026076496626228902,0.26076496626228907,21,6
2021,5,6581,0.0024784652724704846,0.2478465272470485,43,11
2021,5,6618,0.0015333498441721018,0.15333498441721022,27,5
2021,5,6787,3.546655215474533e-4,0.03546655215474533,17,1
2021,5,6875,0.0018453898287726564,0.18453898287726567,27,8
2021,5,7119,0.0014598462130653179,0.1459846213065318,41,4
2021,5,7172,2.3690758246230564e-4,0.023690758246230566,15,3
2021,5,7268,0.002341180182145432,0.23411801821454326,17,4
2021,5,7296,0.003294593163501405,0.32945931635014053,37,13
2021,5,7329,1.2957395677982208e-6,1.295739567798221e-4,11,1
2021,5,7341,0.0017532407529222943,0.17532407529222946,15,4
2021,5,7343,9.50168107293494e-4,0.09501681072934941,13,4
2021,5,7357,0,0,17,0
2021,5,7494,0.002469732190825514,0.24697321908255143,21,6
2021,5,7502,0.003607365334782062,0.3607365334782062,53,15
2021,5,7696,0.0014711086561082138,0.1471108656108214,25,6
2021,5,9208,3.710399194692146e-4,0.03710399194692147,13,2
2021,5,10305,0.006873314528909172,0.6873314528909172,49,16
2021,5,10344,8.079412611824024e-4,0.08079412611824024,29,7
2021,5,10395,0.0021878876966426927,0.2187887696642693,35,12
2021,5,7728,3.948748172963301e-4,0.03948748172963301,29,1
2021,5,7807,6.268708233573637e-4,0.06268708233573637,11,4
2021,5,7868,0,0,7,0
2021,5,7895,7.808851767361169e-4,0.0780885176736117,19,7
2021,5,7913,0.0025842250894818615,0.2584225089481862,15,6
2021,5,8056,9.697451722053829e-4,0.0969745172205383,15,4
2021,5,8129,3.869988285522863e-4,0.038699882855228636,9,3
2021,5,8192,0.0012968400581166149,0.1296840058116615,7,2
2021,5,8463,8.286845331168514e-4,0.08286845331168516,11,3
2021,5,8534,7.26195638837182e-4,0.07261956388371821,15,3
2021,5,8577,0.004005907407825906,0.4005907407825907,51,17
2021,5,8704,5.770863199721527e-4,0.05770863199721528,13,3
2021,5,8869,0.003310834681516994,0.3310834681516994,35,8
2021,5,8944,0.0027767281987623495,0.277672819876235,19,5
2021,5,9126,0.0010644040282247384,0.10644040282247387,21,3
2021,5,9349,4.6298446957673947e-4,0.046298446957673954,13,2
2021,5,9600,0.0028472189805608217,0.2847218980560822,55,16
2021,5,9796,7.420094880762702e-4,0.07420094880762704,15,5
2021,5,9798,0.006557544212708657,0.6557544212708658,41,12
2021,5,9871,0.005929016371166483,0.5929016371166483,55,14
2021,5,9925,8.446782335964385e-5,0.008446782335964386,17,4
2021,5,9972,8.217227373661577e-4,0.08217227373661579,9,2
2021,5,10002,0.0022542345260717104,0.2254234526071711,49,14
2021,5,10083,0.002306728990244625,0.23067289902446256,15,6
2021,5,10166,7.52143619192295e-4,0.07521436191922952,27,8
2021,5,10201,1.1218696418491533e-4,0.011218696418491533,7,2
2021,5,10228,1.5795499119238015e-4,0.015795499119238016,17,3
2021,5,10234,7.717251656797328e-4,0.07717251656797329,25,8
2021,5,10585,0.006258530970025603,0.6258530970025604,37,14
2021,5,11198,0.0018506148325828971,0.18506148325828975,43,15
2021,5,11469,2.7726456496319634e-4,0.027726456496319638,9,2
2021,5,11500,0.0027189788801888714,0.2718978880188872,19,8
2021,5,11524,0.005029699042015438,0.502969904201544,73,34
2021,5,11639,0.0030965554760085242,0.30965554760085245,31,8
2021,5,11763,8.623499135325337e-5,0.008623499135325337,9,2
2021,5,11766,0.003067846758029693,0.30678467580296936,25,8
2021,5,11894,0.003307375769786092,0.3307375769786092,29,9
2021,5,11990,0.003725634325367654,0.37256343253676544,37,15
2021,5,12092,0.006864521245789709,0.686452124578971,33,13
2021,5,12266,0.004026817248476478,0.4026817248476479,21,9
2021,5,12430,6.331339510790295e-4,0.06331339510790296,11,3
2021,5,12793,0,0,9,0
2021,5,12657,2.1435006235462445e-4,0.021435006235462448,23,6
2021,5,12804,6.614093868027275e-4,0.06614093868027277,55,23
2021,5,13003,0,0,49,0
2021,5,13138,0.0027173648357595617,0.2717364835759562,29,11
2021,5,13189,0.0030112802527225567,0.30112802527225574,13,5
2021,5,13468,0,0,19,0
2021,5,13475,2.1989123148807488e-4,0.02198912314880749,13,6
2021,5,13486,0,0,13,0
2021,5,13522,0.005401224351366025,0.5401224351366026,29,11
2021,5,13790,0.0035824450970380834,0.3582445097038084,33,8
2021,5,13817,0.002267963716025535,0.22679637160255353,25,10
2021,5,13830,0.001363168425577606,0.13631684255776064,9,3
2021,5,13852,4.987110247285664e-4,0.04987110247285665,13,3
2021,5,13868,4.952368302385116e-4,0.04952368302385118,35,1
2021,5,13881,0.00705902426656317,0.7059024266563171,47,20
2021,5,14020,0.002391604448212775,0.23916044482127755,27,10
2021,5,14124,0,0,35,0
2021,5,14219,0.003514067162158428,0.35140671621584285,55,12
2021,5,14363,0.007627826251190545,0.7627826251190546,57,24
2021,5,14418,2.653366335520429e-4,0.026533663355204292,27,10
2021,5,14421,8.569967970563433e-4,0.08569967970563434,27,12
2021,5,14459,0.0013862230352701226,0.13862230352701227,9,4
2021,5,14626,2.3504240743731254e-4,0.023504240743731256,25,8
2021,5,14682,0,0,17,0
2021,5,14738,6.447967694986838e-5,0.0064479676949868395,7,1
2021,5,14756,0,0,37,0
2021,5,14967,3.063211591808508e-4,0.03063211591808509,15,1
2021,5,15002,0,0,9,0
2021,5,15030,0.004068210356761737,0.40682103567617384,25,9
2021,5,15052,0.0031360693278569395,0.313606932785694,57,8
2021,5,15293,0.0019708718561819993,0.1970871856182,29,12
2021,5,15134,3.385386474361767e-4,0.03385386474361768,13,3
2021,5,15154,0.0019831700493090636,0.1983170049309064,15,6
2021,5,15178,7.717300455272835e-4,0.07717300455272837,13,5
2021,5,15219,0.0015599177828026735,0.15599177828026736,25,8
2021,5,15253,0,0,7,0
2021,5,15476,0.002414306916112065,0.24143069161120653,31,10
2021,5,15531,0.002475205619489643,0.24752056194896435,31,9
2021,5,15563,0.001451882330073427,0.1451882330073427,29,8
2021,5,15615,1.32411700596065e-4,0.013241170059606502,15,1
2021,5,15700,1.2771269605868287e-4,0.01277126960586829,9,1
2021,5,15711,0.0051624378680852285,0.5162437868085229,33,12
2021,5,15743,0.003614633870813488,0.36146338708134884,23,8
2021,5,15752,0.005754859016530887,0.5754859016530888,41,16
2021,5,15770,0.0011406852416959716,0.11406852416959719,11,3
2021,5,15790,0,0,11,0
2021,5,15913,6.45964598096981e-4,0.06459645980969811,21,7
2021,5,15971,0.0014280622422544467,0.1428062242254447,25,10
2021,5,15977,9.05443749760795e-4,0.09054437497607952,23,4
2021,5,15996,0.0015466087511938243,0.15466087511938245,21,5
2021,5,16022,0.001729658971302021,0.17296589713020213,23,5
2021,5,16025,0.004572784627854687,0.4572784627854688,109,32
2021,5,16060,0,0,13,0
2021,5,16091,0.0030261093531614718,0.30261093531614724,33,11
2021,5,16113,8.955707943061385e-4,0.08955707943061386,15,3
2021,5,16140,0.0018947739103155907,0.18947739103155908,29,6
2021,5,16171,0,0,7,0
2021,5,16195,4.6900942180071143e-4,0.046900942180071147,11,2
2021,5,16257,0.015362957969594611,1.5362957969594613,81,31
2021,5,16284,0.0015671429702236075,0.15671429702236078,11,4
2021,5,16366,5.781118672943139e-4,0.057811186729431405,9,2
2021,5,16407,4.527492009301628e-4,0.045274920093016285,9,3
2021,5,16531,0,0,15,0
2021,5,16573,0.005161444050192237,0.5161444050192238,23,10
2021,5,16577,0,0,9,0
2021,5,16603,9.235634471002721e-4,0.09235634471002722,23,7
2021,5,16626,0.0018765527820032368,0.1876552782003237,21,5
2021,5,16707,0.001176985278343816,0.11769852783438163,27,4
2021,5,16726,0,0,19,0
2021,5,16735,8.362210472006209e-4,0.0836221047200621,9,4
2021,5,16783,0,0,9,0
2021,5,16798,9.405176850178341e-4,0.09405176850178343,15,6
2021,5,16854,0.003159276660361607,0.31592766603616074,21,8
2021,5,16878,0.005026483352339167,0.5026483352339168,31,12
2021,5,16885,0.008866332243845393,0.8866332243845395,47,20
2021,5,16999,3.220154137936288e-4,0.03220154137936289,11,2
2021,5,17025,0,0,45,0
2021,5,17198,0.0013919106036800709,0.1391910603680071,17,4
2021,5,17245,0.0014099138453355638,0.1409913845335564,15,4
2021,5,17330,0.005850258059368051,0.5850258059368052,31,12
2021,5,17345,0.0012407281100170742,0.12407281100170744,11,4
2021,5,17400,0.00184389056793443,0.184389056793443,27,5
2021,5,17457,0,0,25,0
2021,5,17504,0.0013738857643312919,0.1373885764331292,13,5
2021,5,17526,0.014176286595343568,1.417628659534357,61,26
2021,5,17601,0.0019720577298728997,0.19720577298729,13,5
2021,5,17616,4.3622287343522063e-4,0.04362228734352207,9,1
2021,5,17793,0.0024052127106879485,0.2405212710687949,23,6
2021,5,17813,0,0,35,0
2021,5,17837,0.012221821825204567,1.2221821825204569,63,24
2021,5,17844,0.001240657024357638,0.12406570243576381,13,4
2021,5,17903,0,0,7,0
2021,5,17934,0.0018223372620955458,0.1822337262095546,17,5
2021,5,18055,0.002593147067982466,0.25931470679824664,21,6
2021,5,18471,3.0087692381994925e-4,0.03008769238199493,11,1
2021,5,18452,0.0015598942864538461,0.15598942864538465,15,5
2021,5,18516,0.0022291120775867913,0.22291120775867918,23,7
2021,5,18559,0.0011909498980191308,0.1190949898019131,15,5
2021,5,18575,0.005158839228748939,0.515883922874894,35,12
2021,5,18782,0.0011653961409495536,0.11653961409495539,19,3
2021,5,18845,0,0,11,0
2021,5,18876,0.00357442283199836,0.357442283199836,31,10
2021,5,18884,0.001363245266197926,0.13632452661979264,13,5
2021,5,18892,0.00107612242895242,0.10761224289524202,7,3
2021,5,18912,0.0034476587796878413,0.34476587796878416,23,9
2021,5,18994,0.002687830068610524,0.26878300686105244,23,6
2021,5,19045,0.0018503630396398925,0.1850363039639893,11,5
2021,5,19189,0.003811859598499782,0.3811859598499783,33,11
2021,5,19213,0.005484083690826737,0.5484083690826738,37,12
2021,5,19222,0.006823052754734253,0.6823052754734253,39,15
2021,5,19251,0,0,59,0
2021,5,19252,0,0,9,0
2021,5,19323,0.011100136691564311,1.1100136691564313,71,24
2021,5,19444,7.106918029180663e-4,0.07106918029180664,9,2
2021,5,19533,0.005613866080445736,0.5613866080445737,39,16
2021,5,19646,0.006704429295984948,0.6704429295984948,47,16
2021,5,19780,1.99224469576738e-4,0.0199224469576738,7,1
2021,5,19901,0.0018397801860968804,0.18397801860968807,19,6
2021,5,19966,3.0083775040872895e-4,0.0300837750408729,11,1
2021,5,19982,0,0,7,0
2021,5,20166,8.122351322052873e-4,0.08122351322052875,13,2
2021,5,20217,0.0012175303697911622,0.12175303697911624,13,4
2021,5,20268,0.0021686945957650073,0.21686945957650078,39,8
2021,5,20282,0.0018082236861115117,0.1808223686111512,35,7
2021,5,20325,0.0015890723641553126,0.15890723641553128,17,5
2021,5,20613,0.0073535716924786445,0.7353571692478645,57,20
2021,5,20616,5.187470537394861e-4,0.05187470537394862,13,1
2021,5,20697,0.0032302174802302554,0.3230217480230256,35,12
2021,5,20700,0.006021163510252241,0.6021163510252242,51,16
2021,5,20753,3.948478849999065e-4,0.03948478849999066,11,3
2021,5,20760,0.0019778209195484443,0.19778209195484447,23,7
2021,6,1361,0.007170249278752259,0.717024927875226,149,32
2021,6,2026,0.012259881241017715,1.2259881241017716,127,35
2021,6,2178,0.0014631304865266074,0.14631304865266076,87,8
2021,6,2191,0.01644329701182016,1.6443297011820162,201,51
2021,6,2244,0.0010626551554094564,0.10626551554094565,57,9
2021,6,2548,0.0015066799849056802,0.15066799849056803,43,7
2021,6,2919,0.0029386839739414133,0.2938683973941414,67,12
2021,6,2978,7.488884904349746e-4,0.07488884904349748,41,4
2021,6,3008,0.0083554023239852,0.8355402323985202,109,33
2021,6,3202,0.009183686788968737,0.9183686788968739,193,39
2021,6,3881,0.024011795645650383,2.4011795645650387,289,74
2021,6,4014,0,0,65,0
2021,6,4933,0.014914451047262947,1.4914451047262949,191,52
2021,6,5361,0.003372966309407953,0.33729663094079537,83,21
2021,6,6356,0.011431730289908307,1.1431730289908308,149,28
2021,6,6665,0.006050286043609439,0.605028604360944,71,19
2021,6,6863,0.007001243848937171,0.7001243848937172,47,18
2021,6,7044,0.00845245373015493,0.8452453730154932,85,25
2021,6,7217,0.0019804267435396916,0.19804267435396922,37,14
2021,6,7247,4.6745770651159647e-4,0.04674577065115965,27,5
2021,6,7397,0.0037633477030957893,0.37633477030957896,57,15
2021,6,8150,0.009862936787694452,0.9862936787694454,133,26
2021,6,7732,0.007519411008608162,0.7519411008608163,77,18
2021,6,7874,0.0024663456843858175,0.2466345684385818,39,12
2021,6,8668,0.002203627214062309,0.22036272140623098,75,20
2021,6,8732,0.005591144755645289,0.559114475564529,43,12
2021,6,9269,0.004680678938517702,0.4680678938517703,49,12
2021,6,9314,0.0045226783365693,0.4522678336569301,41,9
2021,6,9989,0.009907870625827419,0.9907870625827421,69,23
2021,6,10295,0.002955657308023131,0.29556573080231313,59,18
2021,6,10510,0.023665091585322796,2.36650915853228,307,99
2021,6,10735,0.021267087508289578,2.126708750828958,133,50
2021,6,10832,0.023671070653364094,2.36710706533641,117,43
2021,6,12218,0.01242252805794633,1.2422528057946332,91,35
2021,6,12441,0.009461964998282904,0.9461964998282906,125,52
2021,6,12731,0.0014885060471438105,0.14885060471438108,25,5
2021,6,12847,0,0,45,0
2021,6,13326,0.0016870914058620945,0.16870914058620948,69,30
2021,6,14045,0.00984026175654749,0.9840261756547493,75,31
2021,6,14438,2.2132590449772197e-4,0.0221325904497722,115,1
2021,6,14696,0.00820981154455448,0.8209811544554482,57,16
2021,6,14936,0.004050297511332921,0.4050297511332922,75,10
2021,6,14968,0.005395596135557649,0.539559613555765,37,12
2021,6,15093,0.007157966632286317,0.7157966632286318,75,16
2021,6,15361,0.008563863085134231,0.8563863085134232,105,35
2021,6,15428,0.01434421780583473,1.4344217805834731,131,42
2021,6,15448,0.002218416793082632,0.22184167930826326,41,11
2021,6,15618,0.0013909095249947765,0.13909095249947767,41,6
2021,6,16183,0.02023940811926936,2.0239408119269364,145,54
2021,6,16349,0.0032683820781341574,0.32683820781341577,43,10
2021,6,16468,0.021771361437305355,2.177136143730536,109,48
2021,6,16629,0.03437299796208067,3.4372997962080674,197,69
2021,6,16632,0.00455286641604554,0.4552866416045541,89,31
2021,6,16660,0.0023849258057041882,0.23849258057041886,29,12
2021,6,16669,0.005296972008222836,0.5296972008222837,73,13
2021,6,16849,0.008411619668949516,0.8411619668949518,109,20
2021,6,16877,0.01079774828269782,1.079774828269782,79,27
2021,6,16960,0.009816785405802069,0.9816785405802071,213,24
2021,6,17067,0.005518252153733718,0.5518252153733719,47,15
2021,6,17426,0.015256975308475862,1.5256975308475864,95,31
2021,6,17487,0.017827980607177177,1.782798060717718,95,34
2021,6,17748,0.016653789566846815,1.6653789566846817,91,33
2021,6,17807,0.027693054761282563,2.7693054761282565,131,48
2021,6,18300,0.005919682840224581,0.5919682840224582,45,13
2021,6,18307,0.030436756068348867,3.043675606834887,209,76
2021,6,18524,0.002395825397580622,0.23958253975806224,29,8
2021,6,18944,0.007227305455640826,0.7227305455640827,57,18
2021,6,19619,0.023306576718829613,2.3306576718829617,179,56
2021,6,19622,0.009285442540605466,0.9285442540605469,61,21
2021,6,20036,0.01266285243253812,1.2662852432538123,95,28
2021,6,20215,0.006954220931855853,0.6954220931855853,79,21
2021,7,1814,0.018168940309390393,1.8168940309390398,317,71
2021,7,1985,0.06299157511438457,6.299157511438458,679,203
2021,7,2101,0.03109291856636214,3.109291856636214,337,91
2021,7,10822,0.045298687478292174,4.529868747829218,433,110
2021,7,12002,0.1653563892308447,16.535638923084473,1305,416
2021,7,12103,0.028482990487169763,2.8482990487169766,391,124
2021,7,12267,0.21779657437786748,21.77965743778675,1713,564
2021,7,13074,0.22402181596628606,22.40218159662861,1903,562
2021,7,15014,0.013541123671834517,1.3541123671834518,177,55
2021,7,16892,0.11615618624426267,11.615618624426268,1142,266
2021,7,16917,0.13168236423765195,13.168236423765197,775,265
2021,7,17129,0.042505361617888815,4.250536161788882,233,82
2021,7,17137,0.023976789212145435,2.3976789212145437,365,55
2021,7,17217,0.02194807568313205,2.1948075683132053,137,47
2021,7,17257,0.04165565548296375,4.165565548296376,283,92
2021,7,17642,0.05140255345171662,5.140255345171663,257,93
2021,7,17942,0.07047955617243981,7.047955617243982,457,151
