focal_reach,stream_order,n_years_with_individuals,mean_individuals,sd_individuals,cv
1165,5,5,64.24954786674247,25.633234001174642,0.3989636480297037
1185,4,5,64.24954786674247,25.633234001174642,0.3989636480297037
1249,4,5,35.81325020025501,8.547749859340417,0.23867562456756722
1260,3,5,35.81325020025501,8.547749859340417,0.23867562456756722
1345,4,5,53.19515877189925,16.788893903773626,0.31560943310206807
1360,5,5,94.62407275177915,32.891164699676565,0.3475982775118727
1361,6,5,289.91057194345524,104.08550273196467,0.3590262405203551
1387,4,5,30.654955978223477,7.695386032479215,0.2510323628566235
1453,3,5,22.506014059303357,12.044700738961483,0.5351769845705993
1484,4,5,52.0300069056417,16.7335916554526,0.3216142501345344
1491,3,5,26.74319049914305,17.748261433223057,0.6636553493417988
1516,5,5,89.00840897215426,23.66509729948716,0.26587484904814607
1535,4,5,50.96456397993668,16.677232124792678,0.32723192003286905
1578,5,5,82.68496288386518,23.80681889627245,0.2879219880609999
1589,4,5,26.74319049914305,17.748261433223057,0.6636553493417988
1590,3,5,32.22359537711389,17.3875813098229,0.539591597595967
1591,3,5,50.96456397993668,16.677232124792678,0.32723192003286905
1615,3,5,44.39557076762426,16.250460784077998,0.3660378840298354
1616,3,5,3.5184968136178765,3.0208589100758645,0.8585651970421089
1628,4,5,44.819148541529444,19.801418771405896,0.4418071162832978
1638,3,5,21.8520878681996,9.676805821394574,0.44283209365439224
1682,6,5,126.5949346622664,39.60203122556513,0.31282476926281894
1772,4,5,72.1180586924758,24.81966344637992,0.3441532384033709
1788,4,5,68.61717435717635,26.337779320612974,0.38383654773534737
1814,7,5,955.5191363439706,247.3954216399158,0.2589120533854569
1847,5,5,3.5184968136178765,3.0208589100758645,0.8585651970421089
1855,4,5,54.62984037391114,19.763594218600677,0.3617728714440637
1936,4,5,72.57660875751387,23.867405775219293,0.3288581015815002
1952,3,5,30.14499688750433,11.922266129689977,0.3954973415383559
1969,4,5,81.03596733413036,26.978770162277513,0.33292340487573496
1971,3,5,54.62984037391114,19.763594218600677,0.3617728714440637
1984,3,5,72.57660875751387,23.867405775219293,0.3288581015815002
1985,7,5,3889.3916808889035,902.0727994633529,0.2319315907152833
2001,3,5,72.86401416776143,24.09843934928309,0.33073170102595595
2026,6,5,478.84563032144445,109.38952295579863,0.22844423344192677
2031,3,5,81.03596733413036,26.978770162277513,0.33292340487573496
2048,4,5,130.51334913796958,43.00422966245636,0.3295006215570738
2071,4,5,72.78560773204103,24.401689001846126,0.3352543141726662
2075,4,5,73.4120252024985,28.065160675466636,0.3822965052122206
2090,5,5,203.08995789548345,66.84744789972872,0.3291519117559251
2101,7,5,918.2364916012547,202.56315003070785,0.22060019600993067
2114,3,5,36.78283789058586,9.328711501913912,0.253615871881965
2130,3,5,47.0637236957245,17.2691319945288,0.36693084691251515
2142,5,5,138.4168802814262,52.92587441488794,0.38236575125288336
2145,6,5,478.84563032144445,109.38952295579863,0.22844423344192677
2167,5,5,54.62984037391114,19.763594218600677,0.3617728714440637
2178,6,5,482.72716263816346,129.57590119658389,0.26842471529556283
2190,4,5,79.01087761943482,27.175229527632634,0.3439428892123604
2191,6,5,439.3908612798103,97.30910044260202,0.2214636420957199
2210,4,5,2.4256083781984756,0.5782774850594256,0.23840513178344075
2212,5,5,2.381262445041191,0.5630717957378747,0.2364593608362789
2217,6,5,482.72716263816346,129.57590119658389,0.26842471529556283
2244,6,5,94.66605115736921,29.62806516622789,0.3129745542779146
2284,5,5,205.5535357585753,51.86447886105655,0.2523161602142028
2311,4,5,2.392422022140667,0.5670213191831954,0.2370072311388615
2333,3,5,2.381262445041191,0.5630717957378747,0.2364593608362789
2376,4,5,2.381262445041191,0.5630717957378747,0.2364593608362789
2437,3,5,38.72514460305784,9.564689491128297,0.24698912267904205
2459,4,5,26.4651911642178,6.2855608169448125,0.23750294407255937
2478,5,5,81.40329964157549,27.404285479490834,0.3366483373543069
2482,4,5,38.72514460305784,9.564689491128297,0.24698912267904205
2547,4,5,74.59142711803459,16.369468103705707,0.21945508667909538
2548,6,5,200.73104645292136,49.9894326907202,0.24903687582999035
2556,4,5,205.5535357585753,51.86447886105655,0.2523161602142028
2589,5,5,74.42058947016116,16.30785231846865,0.21913092108746685
2600,3,5,27.310765032773304,6.804481923606723,0.2491501763294162
2636,5,5,38.72514460305784,9.564689491128297,0.24698912267904205
2663,3,5,74.42058947016116,16.30785231846865,0.21913092108746685
2671,3,5,132.7416745547607,35.781262365893134,0.26955560479336943
2681,4,5,132.7416745547607,35.781262365893134,0.26955560479336943
2692,3,5,138.22710395905924,36.836446209798666,0.2664922085086081
2781,4,5,67.01971783002142,26.25930152484501,0.39181456405777615
2802,5,5,73.4120252024985,28.065160675466636,0.3822965052122206
2844,4,5,67.14370947063783,26.283664645507386,0.391453865935145
2856,3,5,67.32643179951606,26.34105080574587,0.39124382655810386
2900,5,5,126.3104569827602,34.4889489356609,0.2730490393235471
2919,6,5,81.40329964157549,27.404285479490834,0.3366483373543069
2920,4,5,126.3104569827602,34.4889489356609,0.2730490393235471
2965,4,5,67.97622605067276,26.51265872030768,0.3900284005255582
2978,6,5,138.3946286366813,32.55361291565301,0.2352230952627068
3008,6,5,462.48566111772533,106.991879170911,0.2313409650632959
3054,5,5,138.3946286366813,32.55361291565301,0.2352230952627068
3096,4,5,68.86749560007982,26.81991820955168,0.38944233380138477
3154,5,5,428.9610158024597,95.62135272589981,0.22291385278221712
3172,3,5,68.86749560007982,26.81991820955168,0.38944233380138477
3197,4,5,71.25091916604346,19.123633856716502,0.26839841619657845
3202,6,5,547.341427054272,119.24999981493076,0.2178713211180093
3221,3,5,57.4011470782427,15.11017406146194,0.26323819001152493
3239,3,5,26.78374631521211,6.360804935051113,0.23748749932859195
3326,5,5,126.32925616016314,29.625139716650637,0.23450735496369268
3327,3,5,26.4651911642178,6.2855608169448125,0.23750294407255937
3334,3,5,68.92810908192045,15.133744929930664,0.219558393977475
3362,3,5,43.03322669320826,12.260799643146658,0.28491471788894984
3394,5,5,100.92148461661937,22.76656689139158,0.2255869201476498
3435,4,5,52.173168101089225,12.372123059561167,0.2371357444805594
3436,3,5,44.61372771887553,10.104687455154174,0.22649278533340317
3466,4,5,43.03322669320826,12.260799643146658,0.28491471788894984
3482,3,5,34.34120896149221,8.160733040612554,0.237636742776395
3541,4,5,249.50044874831067,60.46817544979675,0.2423569807315073
3643,4,5,68.92810908192045,15.133744929930664,0.219558393977475
3686,3,5,96.31706739424881,26.495990012517357,0.27509132835266803
3690,5,5,53.30179553323346,15.292190175353692,0.2868982183877665
3707,5,5,48.734573502099785,10.911003447220681,0.22388630212903304
3716,5,5,151.4059039930563,35.10484818582042,0.23185917629361652
3733,3,5,49.251554331827414,13.86661490694676,0.2815467470025784
3768,4,5,53.30179553323346,15.292190175353692,0.2868982183877665
3774,4,5,48.74831651553013,10.900461686213186,0.22360693589778718
3819,3,5,48.77268463600302,10.893668684470347,0.22335593715562785
3874,3,5,41.86303146255629,10.261576474802087,0.24512263245867388
3881,6,5,2362.140462215898,518.5331836056936,0.2195183529091506
3914,4,5,41.86303146255629,10.261576474802087,0.24512263245867388
3928,5,5,71.86521245397304,17.683523577809503,0.24606514019749307
3951,3,5,48.734573502099785,10.911003447220681,0.22388630212903304
3954,5,5,32.176543939360975,7.232055187864625,0.224761714666869
4005,3,5,91.85091118194937,25.47054749480592,0.2773031553748094
4014,6,5,307.10396653129067,73.73395828449772,0.2400944511310472
4023,3,5,9.09463488516862,2.1526382652747325,0.23669320346056105
4114,4,5,91.85091118194937,25.47054749480592,0.2773031553748094
4122,4,5,175.14488013823038,41.63751761556302,0.23773185709283226
4128,5,5,125.53359903820808,24.465525743162797,0.1948922514020835
4133,3,5,90.86755849677505,24.935039707106835,0.2744108031469977
4134,3,5,60.514049514376744,16.593435922002826,0.2742079906263852
4156,4,5,90.89129934381376,21.986826917203878,0.24190243814245072
4157,3,5,47.3654787393563,11.517135188550126,0.24315462431883877
4185,3,5,0.8094680567719832,0.18556069847559759,0.22923782714240898
4196,5,5,249.50044874831067,60.46817544979675,0.2423569807315073
4200,4,5,36.12064085343363,8.095792664076976,0.22413203289850794
4231,3,5,55.92491463866272,12.514139431517718,0.22376680433708315
4241,4,5,65.01954952383133,14.60660436891102,0.22464942430210663
4291,3,5,36.18006070591761,8.597561572822908,0.23763259113096763
4298,5,5,301.1236302699789,71.69859920428583,0.23810352957023964
4303,4,5,0.8094680567719832,0.18556069847559759,0.22923782714240898
4318,3,5,41.585682098629206,10.311147461965287,0.24794946100704154
4342,4,5,36.18006070591761,8.597561572822908,0.23763259113096763
4374,4,5,59.992263242121595,13.421480591548438,0.223720191008313
4375,3,5,53.09714288701675,11.851991421679255,0.22321335531929892
4463,3,5,39.640528138356785,8.829375382470468,0.22273606828984271
4523,4,5,87.68906017399965,22.442776046356286,0.25593587161070647
4530,4,5,53.09714288701675,11.851991421679255,0.22321335531929892
4573,4,5,108.0365226969253,24.968957576724332,0.2311158944533018
4592,4,5,100.36148725583841,27.76017246399389,0.27660184422365636
4630,4,5,79.71093303458584,19.57702000146936,0.2456001862752638
4642,3,5,43.52582060445745,10.829169007763342,0.24879873273783457
4657,5,5,98.39299602283764,26.18689246811565,0.2661458998772383
4661,3,5,87.68906017399965,22.442776046356286,0.25593587161070647
4680,3,5,79.71093303458584,19.57702000146936,0.2456001862752638
4701,4,5,90.11839833395727,22.146341318681618,0.2457471695914142
4720,4,5,49.1961877586151,11.991327945696021,0.24374506424222134
4721,5,5,136.89197390154828,29.76638568775378,0.21744434563535148
4737,4,5,43.37749985009735,10.800061706082756,0.24897842760429445
4739,4,5,98.39299602283764,26.18689246811565,0.2661458998772383
4751,3,5,43.37749985009735,10.800061706082756,0.24897842760429445
4757,3,5,80.61465233908412,19.929396216068046,0.24721803838141404
4774,5,5,438.1722774519619,90.19046784073214,0.2058333502183282
4822,3,5,38.976811103357214,8.605914379883252,0.22079575358441764
4825,4,5,80.61465233908412,19.929396216068046,0.24721803838141404
4876,4,5,73.262892054414,25.72659314903877,0.3511544852738144
4904,4,5,92.95788500398473,24.299793782349905,0.26140648296062535
4912,3,5,92.95788500398473,24.299793782349905,0.26140648296062535
4933,6,5,741.9070379201214,170.26831867139168,0.22950088079596287
5025,5,5,83.17897687596952,18.22516306412748,0.21910780522467263
5038,3,5,47.05866094396197,10.348797372874998,0.21991270395896884
5051,3,5,95.97852213691743,25.46559940224043,0.26532602123121535
5079,5,5,175.14488013823038,41.63751761556302,0.23773185709283226
5132,4,5,83.68601014288721,21.50984023628488,0.257030299324326
5152,3,5,49.443149701846124,12.079455014396675,0.244309982014468
5155,4,5,131.98706613234077,32.827534677123175,0.24871781485170424
5157,3,5,63.03695342054079,14.161554526827627,0.22465480576688276
5167,4,5,102.16132119005103,27.397031968577693,0.26817421358138965
5172,4,5,90.72845990671497,23.54050749050795,0.25946111633231494
5185,3,5,102.16132119005103,27.397031968577693,0.26817421358138965
5192,3,5,52.877428386782725,11.628087441646556,0.21990644773022133
5197,3,5,97.10929897452223,25.775639675451544,0.2654291602106415
5198,4,5,56.149327565755065,13.634631825154614,0.24282805184420844
5202,5,5,275.2794197234472,75.58545546132332,0.27457721153749315
5236,4,5,97.10929897452223,25.775639675451544,0.2654291602106415
5277,5,5,105.39238466309853,36.595519892042276,0.34723115914897423
5312,3,5,54.99140106398757,13.379907155693266,0.24330907917993413
5350,3,5,74.14390077508261,18.267201926425034,0.24637497805570077
5353,3,5,52.972199952052364,13.025684720624065,0.24589661619517836
5356,5,5,227.25305658582863,52.930781401007565,0.23291559724749725
5361,6,5,227.25305658582863,52.930781401007565,0.23291559724749725
5363,3,5,88.86087098068417,19.427557530007903,0.21862893437349834
5398,4,5,94.05826638214694,27.71126772589134,0.29461809994779126
5426,3,5,92.1707623812041,22.65948596721439,0.24584244918684997
5430,4,5,24.00076402117091,5.92354461139239,0.24680650191665865
5438,3,5,54.067758522198694,13.192978765269014,0.2440082430983772
5440,5,5,165.60250543548094,38.96332019760034,0.2352821902974199
5485,4,5,97.71249230323434,28.93536082289786,0.29612754869768154
5491,3,5,95.57822299857641,26.596320104574353,0.27826757257215895
5523,4,5,98.90816174090762,29.951423988234165,0.3028205505091952
5526,3,5,91.66083427571444,22.495195880915,0.24541775185298642
5531,4,5,38.976811103357214,8.605914379883252,0.22079575358441764
5542,5,5,103.44954350890198,24.169520649765126,0.23363583665968815
5587,4,5,106.73537936218112,23.348336666099666,0.21874974170347622
5599,4,5,165.60250543548094,38.96332019760034,0.2352821902974199
5605,4,5,105.39238466309853,36.595519892042276,0.34723115914897423
5614,3,5,80.52201726194298,18.855634888635084,0.23416744301495288
5625,3,5,38.6531027876565,9.638371132659408,0.2493556904243488
5642,4,5,88.86087098068417,19.427557530007903,0.21862893437349834
5643,3,5,75.34168673813022,18.575000218184307,0.24654346116176812
5644,4,5,38.6531027876565,9.638371132659408,0.2493556904243488
5665,3,5,56.149327565755065,13.634631825154614,0.24282805184420844
5696,5,5,481.30685083178037,98.84688750299522,0.20537186896918447
5710,3,5,105.39238466309853,36.595519892042276,0.34723115914897423
5729,4,5,152.75032152205017,36.670427594980275,0.24006776044452868
5743,3,5,80.60747857296417,18.885669807735194,0.23429178212838264
5745,5,5,38.88681960645786,9.788720771831315,0.25172335693417625
5810,5,5,145.71219046553833,31.844256806316327,0.2185421597505094
5826,4,5,79.44877948773107,19.205345323790333,0.2417324148668153
5871,3,5,66.78872792699794,16.116736980907753,0.24130923706952204
5890,5,5,240.1766727448088,52.233317337808614,0.21747872822481504
5897,5,5,92.92644979238275,22.719164211273032,0.2444854426488091
5900,3,5,67.9027210336287,16.382268939143483,0.24126086097536792
5907,4,5,80.60747857296417,18.885669807735194,0.23429178212838264
5938,5,5,240.03160638172355,68.83968323020581,0.2867942445909798
5941,3,5,79.44877948773107,19.205345323790333,0.2417324148668153
5973,4,5,4.1447510136980865,1.01921170427931,0.24590420532159665
5979,4,5,92.92644979238275,22.719164211273032,0.2444854426488091
6019,4,5,240.03160638172355,68.83968323020581,0.2867942445909798
6036,3,5,127.72076038657082,36.83830956894531,0.28842851747395853
6046,3,5,102.89128968129526,25.70138430974202,0.24979164309585195
6049,4,5,127.72076038657082,36.83830956894531,0.28842851747395853
6066,3,5,78.48348362966063,19.47076266887845,0.2480873907273915
6076,4,5,7.303678355464644,1.8197039393073287,0.24914896997700045
6097,5,5,127.72076038657082,36.83830956894531,0.28842851747395853
6103,4,5,78.48348362966063,19.47076266887845,0.2480873907273915
6118,3,5,128.20008938091573,37.183090207720824,0.29003950299317044
6126,4,5,88.2157076665852,29.97434057433101,0.3397846184901699
6129,4,5,129.19748914403914,30.644448297984262,0.237190741871303
6147,3,5,44.300862387390765,11.317424110799996,0.2554673543786643
6155,3,5,49.15249908465804,11.322944559637586,0.2303635577132194
6163,3,5,66.56273505579351,15.948795901513162,0.23960547727109968
6164,5,5,157.0542201426842,36.51829185033531,0.23252028386857954
6175,3,5,77.74550417619253,21.931166852457324,0.2820891971162129
6185,4,5,271.4444971526746,69.42555082225795,0.2557633385480251
6186,4,5,51.17014055036643,13.319830501031326,0.2603047472171921
6191,5,5,350.0543509108705,84.99140286685112,0.24279487641189557
6192,5,5,442.14256395147186,107.5286003113339,0.24319893418615968
6195,4,5,90.11116338453505,24.031732372552916,0.2666898469615948
6201,4,5,172.62496834590922,43.678460511080495,0.25302516159514515
6221,5,5,7.287799084538812,1.8199179722365109,0.24972120541817588
6230,4,5,158.76053969130956,39.4599595381823,0.2485501725737854
6265,5,5,129.19748914403914,30.644448297984262,0.237190741871303
6288,3,5,83.07644584956485,19.51394222857738,0.23489139465490982
6296,5,5,181.22132966096746,37.99446790491939,0.20965781443056516
6297,4,5,44.300862387390765,11.317424110799996,0.2554673543786643
6310,3,5,80.61617054293495,21.93227682823381,0.27205803352508556
6352,5,5,271.4444971526746,69.42555082225795,0.2557633385480251
6356,6,5,965.7912133368293,205.14134787071708,0.21240755252053842
6359,3,5,141.315972102358,45.98534133158043,0.32540795387426075
6370,4,5,96.90885411044735,23.838958713374165,0.24599360844990306
6396,3,5,80.62410519058825,18.887832652592856,0.23427029184316142
6400,3,5,51.1900234517632,13.3137801312488,0.26008544699719643
6408,3,5,96.90885411044735,23.838958713374165,0.24599360844990306
6416,4,5,103.62480541963696,25.896530578647372,0.24990667508399456
6417,5,5,158.125748601695,32.61368380220314,0.2062515693402608
6424,3,5,90.65903692672043,23.05272918944047,0.2542794405380013
6429,4,5,76.22654134807038,19.28448479779179,0.2529891092622683
6431,5,5,119.27456897397761,27.777264126037327,0.23288505139848842
6432,4,5,158.125748601695,32.61368380220314,0.2062515693402608
6433,3,5,83.69627271278296,17.36669404067926,0.20749662413612882
6450,3,5,51.17014055036643,13.319830501031326,0.2603047472171921
6462,6,5,965.7912133368293,205.14134787071708,0.21240755252053842
6488,3,5,51.55334952836369,13.476877671633348,0.26141614065675056
6515,4,5,123.89147134949171,31.43508182061018,0.25373079743264465
6524,4,5,49.15249908465804,11.322944559637586,0.2303635577132194
6559,4,5,83.69627271278296,17.36669404067926,0.20749662413612882
6581,5,5,598.0718382127698,143.3067045732649,0.23961453360103235
6601,4,5,51.55334952836369,13.476877671633348,0.26141614065675056
6612,4,5,130.9180934012735,42.19598651228593,0.32230828769368153
6618,5,5,398.1286050682769,99.19709164906934,0.24915841360370872
6634,3,5,109.17563135391147,33.90704461371059,0.31057337789781225
6635,4,5,82.56640386358417,19.361544066200263,0.23449663737552767
6665,6,5,481.30685083178037,98.84688750299522,0.20537186896918447
6675,3,5,65.0897960555667,14.36699402962181,0.22072574966061978
6677,3,5,82.56640386358417,19.361544066200263,0.23449663737552767
6681,3,5,130.9180934012735,42.19598651228593,0.32230828769368153
6717,4,5,401.2631392089608,103.79843159899282,0.2586792093677436
6756,3,5,60.076816749658505,15.073939534934416,0.2509110893432965
6757,4,5,83.07644584956485,19.51394222857738,0.23489139465490982
6763,3,5,60.60557546927542,16.287627550623313,0.26874800584775377
6769,3,5,64.18277595981453,16.21529980773176,0.25264254412872883
6771,3,5,78.59519334440866,20.25300335860856,0.25768755692041795
6787,5,5,168.99175514418184,39.29919797155617,0.2325509782298346
6790,3,5,82.1786897784863,19.241973797720284,0.23414797497486597
6807,3,5,77.50164341110676,19.893355551615855,0.256683015688993
6848,3,5,64.41722534089153,16.34607128866166,0.25375311032351006
6857,4,5,274.6585217689084,81.88569767656034,0.29813638094745576
6863,6,5,495.76654137640884,115.51428778790998,0.23300137897003864
6874,3,5,104.53863916715649,26.22255957292787,0.25084083532977886
6875,5,5,83.07644584956485,19.51394222857738,0.23489139465490982
6880,4,5,65.36469238028849,14.408721193977211,0.22043584493824275
6891,3,5,82.12780415162479,19.22725158671644,0.234113791125098
6918,3,5,89.90636658322306,21.17729359976577,0.23554831993085512
6968,4,5,168.95586450804802,42.5289308760884,0.2517162159474055
6981,4,5,123.18679215085231,31.25654412748068,0.25373291715563534
7013,3,5,47.033229957037754,11.71483845436121,0.24907578035916447
7036,3,5,132.59632183296807,44.08945241866307,0.33250886456867684
7044,6,5,450.1902170824484,97.42344242393723,0.21640506329815468
7049,3,5,79.18699728701661,20.347006785237774,0.2569488360758167
7054,3,5,133.73190617682855,42.77706945083843,0.31987182919740903
7069,3,5,34.28124681408573,8.161365892865714,0.2380708594738833
7096,4,5,197.21697161163436,43.070243763263896,0.21839014873465923
7107,4,5,138.26644009934927,44.63015594611737,0.32278372043171893
7119,5,5,459.21647682350397,104.84293799288254,0.2283083105338532
7125,4,5,133.73190617682855,42.77706945083843,0.31987182919740903
7128,4,5,161.31480143864138,38.14281234761546,0.23644955086234712
7129,4,5,78.43475099051327,19.447206663728515,0.24794120486314372
7149,4,5,199.9850405882093,61.14899107387306,0.3057678259034655
7154,4,5,68.2675269139913,16.814696490704844,0.24630592685581382
7155,4,5,116.45530974778035,28.15385186011455,0.24175670410469338
7172,5,5,128.31203325680494,29.174364617386647,0.22737044902871106
7175,3,5,78.43475099051327,19.447206663728515,0.24794120486314372
7212,3,5,126.81253055576624,43.25893258980058,0.3411250639050793
7217,6,5,142.51892629517533,31.008600676708742,0.21757531776857394
7223,3,5,124.7750312622054,41.88725563974602,0.3357022251649297
7237,4,5,68.85088513152644,17.087468796186432,0.24818081515646592
7240,3,5,74.16760625120837,15.3904107843417,0.2075085278094836
7247,6,5,250.72524303701246,56.89064572660322,0.22690433973656546
7252,3,5,68.2675269139913,16.814696490704844,0.24630592685581382
7253,3,5,125.20015009967176,42.877696051545385,0.3424732000513616
7268,5,5,138.26644009934927,44.63015594611737,0.32278372043171893
7270,5,5,459.21647682350397,104.84293799288254,0.2283083105338532
7273,3,5,100.00024130124359,24.547419004585027,0.2454735977150063
7285,4,5,34.28124681408573,8.161365892865714,0.2380708594738833
7293,3,5,90.30667700510384,33.58705477104629,0.371922164394866
7296,5,5,381.6804370070697,91.79322521935441,0.24049758991879944
7303,4,5,141.315972102358,45.98534133158043,0.32540795387426075
7304,4,5,74.21754586651114,15.326813425287524,0.20651199452019842
7305,4,5,123.04873389566515,30.363319875389006,0.2467584908361147
7329,5,5,122.41320978020751,29.771209965804267,0.24320259242657202
7333,3,5,105.49586852859468,32.35561257165656,0.306700281470137
7334,3,5,74.21754586651114,15.326813425287524,0.20651199452019842
7341,5,5,78.43475099051327,19.447206663728515,0.24794120486314372
7343,5,5,366.98484772338753,82.27027455458835,0.22417894107878547
7352,4,5,169.18693247329725,41.506406045147656,0.24532867543832682
7357,5,5,361.2998420268507,97.26639634493668,0.269212396549313
7383,4,5,105.49586852859468,32.35561257165656,0.306700281470137
7397,6,5,742.9802790339205,188.8465656857784,0.2541743987220375
7400,3,5,122.41320978020751,29.771209965804267,0.24320259242657202
7403,4,5,126.81253055576624,43.25893258980058,0.3411250639050793
7425,4,5,51.1900234517632,13.3137801312488,0.26008544699719643
7433,4,5,131.37505518421943,35.15428969685565,0.2675872497070382
7440,3,5,143.08163917333894,46.29294346465755,0.3235421660816668
7455,3,5,102.83508033123202,31.42042870489157,0.3055419279460501
7461,4,5,122.392979650413,26.2424144063043,0.2144111082290801
7492,3,5,62.69149090064508,14.94315087745294,0.23836011335470056
7493,3,5,92.12698584918292,29.4993947019752,0.3202036236186797
7494,5,5,246.2542833869451,53.46966392005998,0.21713191415250166
7502,5,5,206.68066448264648,58.56971908236051,0.2833826726315668
7553,3,5,111.55330564936297,29.484176346083423,0.2643057162174897
7565,6,5,426.25676689918254,118.1218469165199,0.2771143031365831
7578,4,5,106.52195466501847,22.02630393834424,0.20677712878636856
7607,4,5,178.91073749095565,39.430609408917384,0.22039263803778514
7610,4,5,197.79791525009028,44.31726056589756,0.2240532237655995
7618,3,5,120.37349702805021,29.45301017529717,0.2446801904279132
7621,3,5,68.30138042866419,16.88586825454596,0.24722587081797007
7634,4,5,111.55330564936297,29.484176346083423,0.2643057162174897
7639,3,5,119.36358774475758,29.059328477245,0.2434522036936786
7673,3,5,65.90467105612251,14.42907020556446,0.21893850578932536
7681,4,5,68.30138042866419,16.88586825454596,0.24722587081797007
7696,5,5,355.50968588396637,114.41654400201061,0.3218380498340477
7708,3,5,131.8389563641092,33.35931477601682,0.2530307861652513
7718,4,5,138.81271304352654,37.47755337510064,0.26998646271936966
7723,3,5,0.2459925427285658,0.05903605021126297,0.23999121906880241
7728,5,5,297.5582436406811,56.61633970144729,0.19026977377180251
7732,6,5,588.4139659675432,133.02245237977655,0.2260695022101397
7748,4,5,92.12698584918292,29.4993947019752,0.3202036236186797
7750,3,5,161.2887336481947,51.93330480643575,0.32198966184280065
7774,4,5,145.7671723997259,38.63359146440351,0.2650362960904643
7788,4,5,120.37349702805021,29.45301017529717,0.2446801904279132
7807,5,5,68.30138042866419,16.88586825454596,0.24722587081797007
7814,4,5,62.69149090064508,14.94315087745294,0.23836011335470056
7819,4,5,65.90467105612251,14.42907020556446,0.21893850578932536
7829,4,5,145.96997346552232,47.15745648835837,0.3230627187823448
7836,3,5,145.96997346552232,47.15745648835837,0.3230627187823448
7837,4,5,68.59914436703298,17.121566335199145,0.24958862815535843
7868,5,5,120.37349702805021,29.45301017529717,0.2446801904279132
7874,6,5,320.7608983705879,85.86329305381199,0.26768628436316044
7913,5,5,266.9900590291942,77.4373829184163,0.29003845012053003
7915,4,5,46.32297925256691,10.5220114639966,0.227144532449595
7918,4,5,68.39163376069061,18.576331310041933,0.27161701349382056
7929,3,5,81.72334097932698,23.761300909859585,0.29075293086549564
7932,3,5,40.75052007978,9.98729706269826,0.2450839165523646
7943,3,5,159.84183547509798,51.504929921909074,0.32222433988461746
7944,3,5,40.85552704446831,10.13595357820198,0.24809259141779572
7981,3,5,81.56511904219003,23.187887933949295,0.28428681532304545
7983,4,5,131.0326770595148,33.69622287770699,0.2571589288556031
7993,3,5,79.78970503370833,22.56462465809017,0.28280120409716286
8032,3,5,68.88882464331174,17.30928258310121,0.25126401376020185
8056,5,5,245.2852118261915,67.18515544199836,0.2739062617831425
8089,3,5,20.088096999319074,4.976359795848587,0.2477267904479588
8098,4,5,77.23950431560195,19.63605683112594,0.25422297832068774
8101,4,5,68.88882464331174,17.30928258310121,0.25126401376020185
8111,4,5,119.7997385173485,29.16312635850536,0.2434323039384779
8140,4,5,110.39517772292578,26.573492689711838,0.24071244086772567
8150,6,5,1220.7644996939146,273.4582255179867,0.22400571575152423
8157,3,5,77.23950431560195,19.63605683112594,0.25422297832068774
8161,3,5,60.87209027256856,19.26591788050526,0.3164983787190115
8188,4,5,116.01010746140383,29.463473225202026,0.25397332930671085
8192,5,5,184.89893210471556,46.549384518799485,0.2517558321669307
8195,4,5,40.85552704446831,10.13595357820198,0.24809259141779572
8204,3,5,110.39517772292578,26.573492689711838,0.24071244086772567
8225,3,5,68.39163376069061,18.576331310041933,0.27161701349382056
8258,4,5,20.088096999319074,4.976359795848587,0.2477267904479588
8289,3,5,63.71531811259071,17.044703090453,0.26751342683926455
8353,4,5,52.374076556284564,14.140255187368197,0.2699857661866776
8367,3,5,69.04173456507688,17.43558345118733,0.2525368686204287
8391,4,5,40.75052007978,9.98729706269826,0.2450839165523646
8435,4,5,219.73575951089103,66.66340157662079,0.3033798491652273
8456,3,5,77.10589949919746,25.215290375802713,0.3270215449087026
8462,4,5,77.10589949919746,25.215290375802713,0.3270215449087026
8469,3,5,85.57061919607584,26.695305109715388,0.31196811897020377
8527,4,5,140.51797102376614,43.49316060285575,0.3095202719337561
8530,3,5,101.792361617765,29.19235781748713,0.2867833828937556
8534,5,5,249.3251010440971,75.65168790607494,0.30342587885964495
8563,3,5,102.05740833276009,29.231357416908782,0.2864207301992168
8577,5,5,569.3852074566238,123.1805549664537,0.21633957706187457
8668,6,5,711.9607123019035,164.73949084829212,0.23138845725862908
8672,3,5,100.15800609173817,32.26576852560197,0.3221486707318099
8692,3,5,116.85608283235969,29.732264862979044,0.2544348924106295
8704,5,5,46.32297925256691,10.5220114639966,0.227144532449595
8705,3,5,54.51652662464135,16.053100375332203,0.2944630072612923
8732,6,5,497.7587337801702,124.16297998668176,0.24944410124909433
8736,3,5,118.89568154115595,30.234299499416807,0.25429266317760374
8764,4,5,332.9027176121597,86.68415875831428,0.2603888588837042
8772,3,5,91.51635197016712,28.57030137420896,0.31218793974133086
8792,4,5,159.76698451152834,51.21458690053241,0.3205580117639193
8800,4,5,232.42534576056758,69.11946486493476,0.2973835088370182
8830,4,5,155.53038452848313,39.54077439049221,0.2542318307150516
8843,3,5,121.83189176407284,30.10025957094047,0.24706387740600425
8869,5,5,157.87780913091277,37.78873946455096,0.2393543441764917
8874,4,5,282.8056666398738,81.5762716753736,0.28845345513975595
8887,4,5,89.55811653256877,28.576216824578598,0.3190801451723982
8907,3,5,89.55811653256877,28.576216824578598,0.3190801451723982
8919,4,5,91.51635197016712,28.57030137420896,0.31218793974133086
8928,3,5,75.47568654439637,19.083112346719613,0.2528378769432528
8944,5,5,352.9908146114787,91.44107318900704,0.2590466080247787
8950,4,5,81.72334097932698,23.761300909859585,0.29075293086549564
8975,3,5,52.374076556284564,14.140255187368197,0.2699857661866776
8986,3,5,120.29427735858727,30.60693001573654,0.2544337992446625
9003,3,5,48.29648343511582,13.44392804789962,0.2783624622683128
9007,3,5,41.321264406647856,10.168907932425245,0.24609382308226874
9031,4,5,100.15800609173817,32.26576852560197,0.3221486707318099
9061,4,5,89.61774784176367,22.34151148050446,0.24929784577885664
9067,4,5,189.33601192366416,47.77489252420009,0.25232860901000603
9087,3,5,71.86276978214319,16.924747069876,0.23551481693767864
9100,3,5,68.24444806588187,16.35312389330654,0.239625703727863
9126,5,5,420.977365419652,114.45180920286036,0.27187164585147916
9169,3,5,132.6589987183321,37.78392455006773,0.2848199135762539
9208,5,5,189.33601192366416,47.77489252420009,0.25232860901000603
9263,4,5,132.6589987183321,37.78392455006773,0.2848199135762539
9269,6,5,204.20078838347968,48.11052693821219,0.23560402150780552
9286,4,5,34.34040698568825,9.897078301988097,0.2882050380507376
9314,6,5,773.9681800311307,203.28082518029026,0.26264752276006215
9345,4,5,57.6215702810641,14.421805367702037,0.25028483773274407
9349,5,5,282.8056666398738,81.5762716753736,0.28845345513975595
9362,4,5,68.24444806588187,16.35312389330654,0.239625703727863
9406,3,5,34.562485567248395,8.27319415747746,0.23936918950404382
9428,4,5,230.2734591936256,64.52744063492251,0.28022092020889205
9600,5,5,548.2100276364191,137.9008343409245,0.25154744967996523
9623,4,5,81.30737566744224,18.852155991924622,0.2318628025707335
9743,4,5,71.86276978214319,16.924747069876,0.23551481693767864
9746,3,5,0.1538020166296968,0.03794818370409397,0.2467339800586643
9779,4,5,126.29321574581017,38.17132236379009,0.3022436489432445
9790,3,5,129.35530413235833,38.931334480612335,0.30096434577415704
9796,5,5,71.86276978214319,16.924747069876,0.23551481693767864
9798,5,5,560.4690705526391,147.72441885055855,0.2635728296387487
9814,3,5,129.830716258927,39.03079573812764,0.30062836332418313
9826,3,5,164.7965189526078,43.710514170911125,0.2652393051062043
9849,4,5,164.7965189526078,43.710514170911125,0.2652393051062043
9861,4,5,89.6890307120417,24.69065192202331,0.2752917689711227
9871,5,5,723.8475419581134,158.14051653615368,0.2184721331074227
9897,3,5,58.34120735942034,12.68750723849433,0.21747076916545305
9925,5,5,164.7965189526078,43.710514170911125,0.2652393051062043
9926,3,5,89.6890307120417,24.69065192202331,0.2752917689711227
9970,3,5,90.2652032639462,21.47319619640131,0.23789007745998342
9972,5,5,90.2652032639462,21.47319619640131,0.23789007745998342
9989,6,5,578.2744845145928,139.74506867940048,0.24165871471348654
10000,3,5,137.88794721792107,40.9095299970659,0.29668677228482926
10001,4,5,130.33769963833015,39.162846877817955,0.30047213497314795
10002,5,5,269.68261089872124,77.09933006470288,0.28588914134199545
10043,4,5,27.926338103206913,6.301304718803363,0.22564020730235856
10079,3,5,0.9823955059718357,0.242943558914476,0.24729709922089257
10083,5,5,68.86115722154652,16.971958077390703,0.2464663500031947
10111,4,5,179.07247512881057,44.95922719089623,0.25106721263865994
10166,5,5,179.07247512881057,44.95922719089623,0.25106721263865994
10175,3,5,27.855323186931315,6.281006863920414,0.22548677040183218
10176,3,5,95.74201742669047,22.653327084775967,0.23660799817720143
10186,3,5,70.46960532691753,15.383273463421865,0.2182965747013466
10191,3,5,93.40021244125104,22.068579642240252,0.23627975852968688
10203,3,5,61.714975809540725,14.56471237101316,0.23599964481816343
10228,5,5,27.926338103206913,6.301304718803363,0.22564020730235856
10234,5,5,513.5827925674847,136.8847533363943,0.26652908804067393
10291,3,5,89.3453110302006,20.02765684127811,0.22416013342332355
10295,6,5,365.54533800336515,98.98107514210439,0.2707764669705436
10300,4,5,326.9948230557818,89.24240605597164,0.2729168774661238
10305,5,5,509.41332729304634,123.53593407769944,0.2425062860725547
10313,3,5,54.67568260020908,12.947735854652425,0.23680977061277536
10315,4,5,353.29651501395233,106.96758615463207,0.30277000086006434
10330,3,5,132.35977222673085,36.41642416354192,0.27513211567908247
10344,5,5,163.44709627431155,37.29579557155495,0.22818267452706412
10355,4,5,74.06044684154101,18.600196871985766,0.2511488610348593
10374,3,5,60.363011881873824,14.739485640609162,0.24418075210450566
10395,5,5,600.4276032161326,142.68029841467364,0.23763114428853765
10401,4,5,93.40021244125104,22.068579642240252,0.23627975852968688
10441,4,5,68.86115722154652,16.971958077390703,0.2464663500031947
10510,6,5,3181.3618189837775,794.619626224441,0.24977342139545336
10585,5,5,444.8648631068433,107.89212301064605,0.24252785948782285
10608,3,5,215.3898531975106,66.69602931615884,0.30965260584953913
10613,4,5,58.34120735942034,12.68750723849433,0.21747076916545305
10643,4,5,215.3898531975106,66.69602931615884,0.30965260584953913
10653,3,5,129.72331024069888,37.396146778009445,0.288276229681633
10657,4,5,54.67568260020908,12.947735854652425,0.23680977061277536
10660,4,5,60.363011881873824,14.739485640609162,0.24418075210450566
10663,3,5,88.78949101766025,20.048490230388033,0.225798008307091
10671,4,5,61.89248233675822,14.040954749227309,0.22686042341669535
10672,4,5,124.69548717494473,35.23583371333051,0.2825750515244829
10706,3,5,78.10132659945367,19.877580922745366,0.2545101573586384
10719,4,5,88.4262390995941,19.98748733594732,0.22603570545882312
10735,6,5,1276.3945752718469,318.3030625412649,0.24937669644472804
10753,4,5,351.92241521054626,82.54308938096888,0.23454911029632894
10822,7,5,4161.738162761834,966.0830296402745,0.23213450530947327
10832,6,5,1303.8492617596457,296.8049265245126,0.22763745413634037
10873,3,5,49.08137943604036,11.964640168687415,0.24377147313634392
10911,4,5,78.10132659945367,19.877580922745366,0.2545101573586384
10925,3,5,134.43290579823972,37.87262465667259,0.2817213868270673
10941,4,5,97.50363966653323,22.584318652160054,0.23162539090232348
10956,4,5,125.87798544705888,35.77688462422524,0.28421875753065734
10959,3,5,124.69548717494473,35.23583371333051,0.2825750515244829
11057,3,5,71.56233607288927,17.36709907330066,0.24268490977728194
11071,4,5,49.08137943604036,11.964640168687415,0.24377147313634392
11097,4,5,217.57148857258687,55.351731348209704,0.2544070995301532
11109,4,5,84.6640043312969,21.88166229579328,0.2584529572942076
11155,3,5,114.65900825532984,27.736050901590907,0.24190032099201955
11194,3,5,84.6640043312969,21.88166229579328,0.2584529572942076
11198,5,5,490.66184077490783,122.47905137620434,0.24962008698856994
11333,3,5,46.82682863273949,11.233427658720851,0.2398929841442834
11336,4,5,106.04807945498099,24.004232699848842,0.22635235662178116
11356,4,5,46.82682863273949,11.233427658720851,0.2398929841442834
11373,4,5,154.18743185850659,34.04576866644134,0.22080767709837837
11374,4,5,99.86328195811953,27.304680632705523,0.2734206216470685
11376,3,5,49.312334964593845,11.779031309188195,0.23886581963002795
11425,4,5,65.30770129653082,15.179757806967853,0.23243442206063697
11500,5,5,367.0593337262161,88.52440575811758,0.24117192405777801
11524,5,5,879.9713090531208,189.68121427699333,0.21555386218341233
11625,3,5,89.81298211643482,15.79860038521725,0.17590553183876825
11631,4,5,49.312334964593845,11.779031309188195,0.23886581963002795
11639,5,5,406.59809781075535,93.28379305613304,0.22942506017219613
11649,4,5,217.96112613069013,68.15810713625363,0.3127076297788342
11681,3,5,41.26307435218698,9.247056870844407,0.22410004625247473
11701,4,5,116.28299294083561,26.6725001346619,0.22937576218246097
11718,4,5,41.26307435218698,9.247056870844407,0.22410004625247473
11766,5,5,58.34120735942034,12.68750723849433,0.21747076916545305
11848,4,5,89.81298211643482,15.79860038521725,0.17590553183876825
11880,3,5,63.91052226409216,15.1259220504154,0.23667342269418182
11881,4,5,134.43290579823972,37.87262465667259,0.2817213868270673
11894,5,5,131.32113809468294,27.36347720601337,0.20837069799291735
11895,5,5,406.59809781075535,93.28379305613304,0.22942506017219613
11909,3,5,120.75511286366155,28.28976901969361,0.23427388165032934
11936,3,5,177.1682561571074,43.49574719314897,0.24550530742131518
11940,3,5,116.28299294083561,26.6725001346619,0.22937576218246097
11970,3,5,68.55925390366636,22.824840324031662,0.3329213639941763
11990,5,5,818.6999431900076,189.3249402505807,0.2312507064711513
11998,4,5,63.91052226409216,15.1259220504154,0.23667342269418182
12002,7,5,13941.118850870465,3268.4991117908376,0.23445027237442687
12023,3,5,76.892330681636,17.834480062425023,0.23194094787250852
12092,5,5,624.5061217207311,132.6032513281794,0.21233298876688578
12097,3,5,147.7846044287227,34.349824449453294,0.2324316838160256
12103,7,5,3791.7553197549496,948.2759413008488,0.2500889064123824
12105,3,5,217.96112613069013,68.15810713625363,0.3127076297788342
12169,3,5,87.54675464248075,20.755341272361946,0.23707722070477216
12210,3,5,123.91452265833847,23.942841074716412,0.19322062144993662
12218,6,5,1389.6110532682917,318.30922747095985,0.2290635402779169
12223,3,5,119.23716787353754,31.641753915370412,0.2653682109334359
12226,4,5,551.4264820947236,122.61195865746393,0.22235413539025814
12266,5,5,143.42391079736245,37.91262180598172,0.2643396180958059
12267,8,5,13471.404745917389,2702.621220147907,0.2006191092259296
12292,3,5,105.29668075737654,21.941207630201042,0.20837511184951532
12294,3,5,178.371014175965,45.63669157901198,0.25585262151389054
12300,3,5,129.9405707406456,30.86053784740436,0.23749732413443322
12346,3,5,137.07456470291768,36.30862433499549,0.26488228807209663
12359,3,5,178.02452471280995,40.54807117841102,0.227766771144725
12392,4,5,181.75657576249435,24.72471172731449,0.13603200667481136
12395,3,5,176.52937658290426,46.0369116783692,0.26078895518417405
12413,4,5,119.23716787353754,31.641753915370412,0.2653682109334359
12430,5,5,50.56206555183727,11.517478173539091,0.22778891739956975
12438,3,5,174.69021375053413,41.41311631966798,0.23706603495721784
12441,6,5,1505.5655981292732,312.0844278964118,0.20728716721754897
12481,3,5,129.26516569564427,33.103893121140935,0.2560929152335153
12512,3,5,88.98838143311316,21.894928075171904,0.24604254760638514
12516,3,5,130.9866048117266,33.91184947963932,0.25889555293369476
12537,4,5,130.9866048117266,33.91184947963932,0.25889555293369476
12543,3,5,140.41818691420042,37.16742477282319,0.2646909605486757
12609,4,5,68.55925390366636,22.824840324031662,0.3329213639941763
12630,3,5,91.3172211673738,21.22218041307575,0.23240063748959217
12632,4,5,73.03380941801453,17.22564467139092,0.23585849907949674
12657,5,5,415.7366385266299,102.61788467088202,0.24683387308503688
12682,4,5,150.69203130809726,30.51085529759169,0.20247159078512086
12705,3,5,137.04469062381034,32.56674519539923,0.23763594961001017
12706,5,5,41.068039894227184,10.391245416869696,0.253025112560348
12731,6,5,392.4020349126002,81.24734931448988,0.20705129455454055
12747,3,5,143.42391079736245,37.91262180598172,0.2643396180958059
12762,4,5,283.4067533972403,74.92962534289809,0.2643889901870903
12765,3,5,68.80519856369212,16.353054808854093,0.23767179152482604
12786,4,5,122.7442974777341,21.776047958130576,0.1774098545154879
12789,4,5,265.29681102816807,47.43814997529814,0.17881161025437792
12804,5,5,815.2780485992482,177.20183535892264,0.21735141239651676
12809,4,5,143.42391079736245,37.91262180598172,0.2643396180958059
12814,3,5,12.034416503363383,2.978914287878399,0.24753292251816703
12847,6,5,543.3824191522494,96.54135091580669,0.17766741711376002
12894,4,5,88.98838143311316,21.894928075171904,0.24604254760638514
12895,3,5,68.68437322581863,16.303444077740558,0.2373675890458887
12955,3,5,92.90573276667006,20.895185494065718,0.2249073859257248
12983,4,5,41.068039894227184,10.391245416869696,0.253025112560348
12991,3,5,92.06197563198842,20.578384063566737,0.2235275087494043
13003,5,5,1305.7382682626874,249.81215088973258,0.19131870219451635
13035,3,5,68.0340362436768,11.383632204335994,0.1673226054612335
13040,4,5,54.35284288020535,8.205505736793874,0.1509673699106955
13050,4,5,12.034416503363383,2.978914287878399,0.24753292251816703
13063,3,5,54.060205707641096,8.121775278645607,0.150235744987142
13074,7,5,20144.754782692577,4660.430920173399,0.23134711593399096
13078,3,5,54.35284288020535,8.205505736793874,0.1509673699106955
13088,4,5,136.07558205158819,23.06572064576425,0.16950668369744476
13094,3,5,47.507444094817444,11.258253936966364,0.23697873357481927
13100,4,5,29.592894703602845,4.483687022649879,0.15151228251097734
13105,5,5,351.333995018373,71.02072422089357,0.20214589316123407
13109,3,5,94.453910361722,21.12193052633986,0.22362155728069938
13117,3,5,67.39912658196369,11.829656801702018,0.17551647034054724
13120,3,5,70.30767157996294,10.918234691889575,0.15529222411343763
13124,4,5,195.64278943472618,43.01961629420645,0.2198885858175694
13130,3,5,177.86336670416685,43.253633498283314,0.24318461018578033
13134,4,5,362.5598065580365,83.1598193970336,0.22936855628458047
13135,3,5,26.717522159980124,4.053877834962547,0.15173105539834847
13138,5,5,330.33281754361315,65.13407424327704,0.197177121933026
13157,3,5,57.74333322297578,8.756366395533181,0.15164289809388884
13169,4,5,417.9302581696067,83.43062488579785,0.19962810362474304
13189,5,5,202.91024634289585,50.36932481543377,0.24823450625709256
13213,3,5,70.79243685086371,11.081821136324269,0.15653961961600513
13234,4,5,155.69120558364688,28.880965698296787,0.18550158687531107
13243,3,5,133.00628562703744,33.72592702255457,0.2535664150273721
13255,3,5,43.39339762929927,9.8567931026086,0.22714960434334097
13257,4,5,113.92186490978267,34.60320463300697,0.3037450682571782
13278,3,5,115.07489696933182,20.672552252215873,0.17964432553630907
13290,4,5,137.04469062381034,32.56674519539923,0.23763594961001017
13301,8,5,20270.37751561312,4683.003167673963,0.231026933961487
13326,6,5,938.6519210383269,191.66481887266966,0.20419158004881302
13351,4,5,129.26516569564427,33.103893121140935,0.2560929152335153
13352,3,5,122.7442974777341,21.776047958130576,0.1774098545154879
13359,3,5,123.7893404355493,27.849888873640868,0.2249780859616169
13370,3,5,136.5160026351836,26.19697298353714,0.19189671890367468
13371,4,5,340.1210983199834,56.878954011082946,0.16723147811774866
13390,3,5,115.4256600281761,19.494074860531466,0.1688885717073036
13391,3,5,163.94233233173705,32.832159084783825,0.20026651211932256
13392,3,5,163.5671605573044,32.773417787813386,0.20036673422799617
13413,3,5,48.34579213412955,11.19796203416672,0.23162226824413856
13416,3,5,78.48335571641705,19.200293919335646,0.2446416025929349
13434,3,5,44.97103786572131,16.267806740032803,0.3617396331524909
13437,4,5,46.144678919461896,12.005084178945307,0.2601618314410259
13457,3,5,44.017341827523396,14.406149177143455,0.32728348825770076
13468,5,5,350.40615884153834,66.64948446146202,0.1902063727470111
13475,5,5,256.01868409106424,53.40082857160165,0.2085817633239897
13486,5,5,124.94222406703429,28.42304636678623,0.22748951828756173
13487,4,5,203.45817071662483,48.58069024796055,0.2387748306044853
13488,4,5,124.38956404410787,28.0314460323665,0.22535207232036522
13498,3,5,120.31506716837701,31.86851169764117,0.264875484406639
13522,5,5,246.9800674378005,48.218919809205204,0.1952340539438417
13534,3,5,157.56916333707915,29.548961843260397,0.18753010562128777
13535,3,5,94.2142835450568,13.487450582314574,0.14315717399543107
13540,3,5,41.068039894227184,10.391245416869696,0.253025112560348
13542,4,5,165.27600167589756,39.44739276544088,0.23867586561536205
13550,3,5,74.5572767003553,16.947684974851033,0.22731094434904794
13560,3,5,153.9092269721793,27.874157872722385,0.1811077764542403
13564,3,5,42.470025532983946,11.611134939738502,0.273395996211983
13570,4,5,167.48652931093022,30.751697940227853,0.1836069925548394
13577,3,5,41.992270776420604,9.503068877534462,0.2263051914513421
13579,3,5,104.435121752097,14.862247887364662,0.14231082070880274
13581,4,5,120.31506716837701,31.86851169764117,0.264875484406639
13587,3,5,116.03093430468144,32.28506994603066,0.2782453674056822
13614,3,5,87.23732682922396,11.802221754421653,0.13528866808958642
13615,4,5,102.07135383093076,14.107629412143726,0.13821340545273222
13621,3,5,102.07135383093076,14.107629412143726,0.13821340545273222
13631,3,5,85.88584643397625,11.548559042701044,0.13446405341744946
13632,3,5,47.96469741182852,16.61650244149777,0.34643192468884404
13639,3,5,124.38956404410787,28.0314460323665,0.22535207232036522
13658,4,5,44.48475454073922,10.599905033767678,0.2382817471558771
13687,4,5,42.470025532983946,11.611134939738502,0.273395996211983
13689,3,5,83.19739354490403,11.312601652482478,0.13597302956824892
13695,4,5,256.64724881593804,62.61944456929731,0.243990320793217
13711,4,5,148.4524635796204,21.68670768586313,0.1460851990120849
13719,4,5,112.62373776978497,34.40262317947234,0.30546511650851976
13772,4,5,79.3752418119264,10.433923492562085,0.1314506041730805
13785,3,5,79.3752418119264,10.433923492562085,0.1314506041730805
13790,5,5,543.4923943069244,107.83348470362813,0.19840845213876485
13797,4,5,53.96476621324587,13.998732007001264,0.2594050338638402
13801,3,5,113.09903358227365,34.42819186223872,0.30440748052187383
13805,3,5,40.32095405253486,5.330552367351581,0.13220303171413836
13806,4,5,54.060205707641096,8.121775278645607,0.150235744987142
13809,4,5,124.94222406703429,28.42304636678623,0.22748951828756173
13817,5,5,336.02249062786444,69.85145199037511,0.20787731160451892
13819,3,5,79.14559504106049,18.613901175525555,0.2351855610646268
13830,5,5,54.060205707641096,8.121775278645607,0.150235744987142
13836,3,5,71.47281184872074,16.646677319487303,0.23290922644433856
13850,4,5,110.15797472097991,15.713911543325263,0.14264887842325685
13852,5,5,57.74333322297578,8.756366395533181,0.15164289809388884
13858,4,5,69.45287123108908,9.069328123221466,0.13058247934840997
13859,3,5,102.48809546039708,27.562420802770376,0.26893290073305054
13868,5,5,743.2354487921045,128.850541360582,0.17336436464378555
13881,5,5,1372.8795935039307,269.1533975297874,0.19605025728646816
13882,3,5,94.18035270258635,22.27195014918483,0.23648191485880052
13887,3,5,53.96476621324587,13.998732007001264,0.2594050338638402
13888,4,5,57.74333322297578,8.756366395533181,0.15164289809388884
13890,4,5,74.24737919386337,9.78939874781821,0.13184840803953002
13902,4,5,174.66738586086274,35.311995421426126,0.2021670802902787
13910,4,5,85.88584643397625,11.548559042701044,0.13446405341744946
13911,3,5,116.78311293234597,17.720967306426434,0.15174254959869438
13913,3,5,124.81218434941319,19.11119517088757,0.1531196274667027
13916,3,5,113.92186490978267,34.60320463300697,0.3037450682571782
13924,3,5,69.45287123108908,9.069328123221466,0.13058247934840997
13980,3,5,102.99208816701478,24.59109772544759,0.2387668622231447
13989,3,5,101.24898544893006,26.91977080783786,0.2658769437390183
14002,3,5,101.4954780347291,26.926170012954323,0.2652942824087285
14016,4,5,48.22714694294895,12.463083142165997,0.25842464114473523
14020,5,5,202.73561477278048,45.69229474895182,0.22537872687126168
14021,4,5,116.78311293234597,17.720967306426434,0.15174254959869438
14024,4,5,226.06116979834326,43.9644677833928,0.1944804046737044
14026,3,5,63.38193290449215,8.318024998602576,0.1312365309391352
14029,3,5,110.15797472097991,15.713911543325263,0.14264887842325685
14034,4,5,62.04094229787517,8.093604375095198,0.13045585826591152
14035,3,5,62.04094229787517,8.093604375095198,0.13045585826591152
14045,6,5,1774.1659907553565,346.19041465722313,0.19512853727391738
14061,3,5,78.8144064806585,20.60378006598299,0.2614214962214969
14077,3,5,26.988513409956422,6.9398507732119405,0.2571409053842787
14107,4,5,90.37044631444857,14.698724215540535,0.1626496804541119
14124,5,5,152.85033172285094,19.611288885231918,0.12830386865493504
14131,4,5,101.4954780347291,26.926170012954323,0.2652942824087285
14133,3,5,94.29922398660553,11.965802864965276,0.12689184872470347
14134,3,5,29.187762730565463,4.173358422698672,0.14298315568833667
14145,3,5,112.62373776978497,34.40262317947234,0.30546511650851976
14150,3,5,39.50887672055847,10.086112912617796,0.2552872607327123
14163,4,5,61.062475477209155,15.757095464274123,0.2580487499258898
14174,4,5,209.35765590135327,57.36835881439106,0.2740208308475823
14219,5,5,325.80757331398655,53.857040414842544,0.16530321829854935
14226,3,5,110.03238696374315,25.971203050895465,0.23603235163346273
14228,3,5,65.82946690061347,14.848406467548775,0.22555866189781346
14235,4,5,124.56283735177702,28.753930765140964,0.2308387587859547
14246,4,5,39.50887672055847,10.086112912617796,0.2552872607327123
14255,4,5,78.8144064806585,20.60378006598299,0.2614214962214969
14257,4,5,94.29922398660553,11.965802864965276,0.12689184872470347
14288,3,5,88.77297325457575,10.216276715979346,0.11508318738724631
14318,3,5,68.46244481038774,17.620209830230003,0.2573704441760822
14361,4,5,104.53683315025066,19.61759694179907,0.18766205509212933
14363,5,5,1218.4359929082284,261.21836968616014,0.21438825773906278
14364,3,5,81.1321582958479,18.5342155933932,0.2284447496861639
14390,3,5,79.09832563091025,18.057928952446257,0.22829723396053192
14402,3,5,37.484348416201186,5.744510610027454,0.15325091278749847
14406,4,5,232.95367018183322,58.480484262087025,0.25103911956587666
14418,5,5,285.5336637984166,53.84289089153204,0.18856932725643336
14421,5,5,200.18701000130238,37.12637861607276,0.18545848012731309
14426,4,5,88.77297325457575,10.216276715979346,0.11508318738724631
14437,3,5,86.66659360091252,10.148482521342661,0.11709797396762812
14438,6,5,1422.1048093604218,275.7338662482701,0.19389138158690203
14451,3,5,81.64057822405971,22.865431903804623,0.28007435029491395
14459,5,5,39.50887672055847,10.086112912617796,0.2552872607327123
14463,3,5,65.16306560821266,9.630838184578888,0.14779596531697076
14468,3,5,69.25456505697235,15.63930637658949,0.22582347262918762
14475,3,5,32.199463007996044,8.559552217058165,0.26582903618400666
14483,4,5,128.34962277828754,31.99554273055879,0.24928427554343668
14487,4,5,79.95361752852301,21.284832587136318,0.26621475356687985
14501,3,5,122.88193552228722,28.90775513602348,0.23524820807188904
14520,4,5,40.63137467320273,6.240014832795181,0.15357626669005137
14525,4,5,78.74141282777767,17.682817890048693,0.22456820693228294
14527,4,5,86.66659360091252,10.148482521342661,0.11709797396762812
14544,3,5,128.34962277828754,31.99554273055879,0.24928427554343668
14589,3,5,53.05581124923598,14.233433131497014,0.2682728394187353
14599,4,5,82.68546759649003,18.77472191639078,0.22706193073748504
14610,4,5,27.0234297324345,6.949400359390535,0.25716204153944283
14618,4,5,52.35308361888849,11.688999980208562,0.22327242584792623
14626,5,5,387.97362664556647,62.330657819291595,0.1606569455718025
14634,4,5,102.71807615212975,16.114970990459824,0.15688544406334948
14644,3,5,37.136997930632006,5.791479967054533,0.1559490613073358
14653,3,5,47.879885206442104,9.046388362121593,0.18893922412546693
14661,4,5,118.75906849729313,20.13908944878445,0.1695793820515145
14666,4,5,23.27840245760553,3.611237324647586,0.15513252385872903
14673,3,5,61.56674642365349,9.891075626651087,0.1606561366518957
14682,5,5,272.887073708236,50.85844931262056,0.18637177870505192
14696,6,5,848.7588187364084,152.02405621475634,0.17911337456391027
14700,4,5,23.445983795072472,4.888310107421432,0.20849242881626426
14704,3,5,19.371662423159783,5.126822398397969,0.26465577844618016
14708,4,5,53.05581124923598,14.233433131497014,0.2682728394187353
14717,4,5,81.17092822155773,11.6226478313629,0.1431873219391879
14722,4,5,80.26098027416515,14.258055246609734,0.17764616377603845
14738,5,5,90.37044631444857,14.698724215540535,0.1626496804541119
14741,4,5,82.11443721820444,14.02293410250276,0.17077306473208015
14747,3,5,19.39040234113967,5.094772400719895,0.26274712154427893
14752,4,5,211.14023855626596,35.15106722844267,0.16648208540825057
14756,5,5,688.0771952969989,160.7917651878298,0.23368274124885988
14760,3,5,11.740598886045612,2.4523909558654022,0.20888124870531197
14762,3,5,74.25751894013453,11.70266068803054,0.15759563280676098
14765,4,5,88.30551447978719,14.181049427363611,0.16059075711075327
14785,3,5,11.713318940963312,2.432424055686447,0.20766309429002902
14789,4,5,129.75977639705087,25.828017804012408,0.19904486984457703
14812,3,5,92.00921580673736,16.48015741463549,0.17911420361685912
14830,4,5,53.250409944820866,13.291746969962768,0.24960835012793217
14832,4,5,120.23339247277936,17.53553483202316,0.14584579600873507
14833,3,5,92.9806417331813,16.81124113840739,0.18080366864587996
14836,3,5,93.94988651874507,17.158666442840524,0.18263637220484552
14842,3,5,59.104062615446956,10.395534875172475,0.17588528461756844
14843,3,5,41.486242021820914,7.684441038505635,0.1852286604909593
14845,4,5,86.62956749073571,10.275990062079025,0.1186198934120034
14852,3,5,41.45290341320488,7.694964008759414,0.18563148477334818
14855,3,5,80.26098027416515,14.258055246609734,0.17764616377603845
14884,3,5,61.1293298573324,13.571826656119603,0.22201824701488487
14888,4,5,122.88193552228722,28.90775513602348,0.23524820807188904
14897,6,5,956.3641109757745,168.72047192069894,0.17641865685293662
14906,3,5,107.60529223936607,17.887735322776383,0.16623471718273328
14921,3,5,82.86513622214638,18.638271324814003,0.22492295523232092
14935,4,5,11.713318940963312,2.432424055686447,0.20766309429002902
14936,6,5,1159.5038951316799,230.4691161793922,0.19876527982962816
14945,3,5,41.51100646743442,10.896290251094955,0.2624915938774731
14947,3,5,82.9398531557873,19.31251574374149,0.23284964958240847
14951,3,5,38.44434521032894,9.735776170183192,0.2532433864309245
14955,3,5,79.95361752852301,21.284832587136318,0.26621475356687985
14957,3,5,64.10776108396702,17.047087105576075,0.2659130005062593
14958,4,5,252.57643963821144,50.798796105212446,0.20112246485846524
14965,3,5,41.15132972847627,10.77727733648604,0.2618937810174402
14967,5,5,371.33550813550454,70.8792573566564,0.1908765948953951
14968,6,5,682.0021112287064,158.0687953180502,0.23177170967003433
14978,3,5,62.65551367339306,11.018857044437846,0.1758641242952103
14979,3,5,25.696105329674907,4.935397213552576,0.1920679087446368
14980,4,5,145.52064989553944,29.55534883655675,0.2031007204666332
14988,4,5,108.03079779250642,28.437152220079707,0.26323190054283074
14989,3,5,122.27474357517103,22.367419958952816,0.18292755564195448
14994,4,5,169.33203735234315,43.0224990925516,0.2540718210519793
15000,4,5,43.27751475199958,7.82692186432605,0.18085423595088526
15002,5,5,199.04893427069925,45.11975351497255,0.22667668973103539
15003,4,5,107.27980525122886,24.32899497376952,0.22678075260106645
15010,3,5,42.823251521616605,10.79038618291887,0.25197493883602057
15014,7,5,1965.7902023874474,370.8744148834099,0.18866429104844648
15016,4,5,66.78952683764837,13.226827261212627,0.198037445202514
15030,5,5,591.6316649142578,144.06455127916806,0.24350378761428632
15046,3,5,76.15097102146441,19.817523519268097,0.26023993198566303
15047,3,5,68.23440131077719,13.369015044999871,0.195927784052944
15050,3,5,61.56359349396515,15.290614888900903,0.24837105862574096
15052,5,5,694.2185004774302,142.76776022911972,0.20565248568128766
15058,3,5,143.33313948702158,38.00200416363576,0.265130620173688
15061,4,5,115.96752765285893,26.487028356942776,0.22840038839346416
15062,3,5,115.96752765285893,26.487028356942776,0.22840038839346416
15077,3,5,64.33314811674833,15.894609134710068,0.24706717454375754
15079,4,5,64.33314811674833,15.894609134710068,0.24706717454375754
15085,4,5,61.56359349396515,15.290614888900903,0.24837105862574096
15086,3,5,64.62325652876024,15.807593945115952,0.24461153451901432
15089,3,5,42.623624914836135,7.578872095760123,0.17780918706241058
15091,4,5,117.6038744346693,27.470977442372526,0.2335890511637273
15093,6,5,769.2615739844107,151.52198853815918,0.19697069717566554
15110,4,5,195.98272012217652,46.09703477239546,0.2352096896280364
15111,3,5,74.129053821679,18.07883364578974,0.24388323759371386
15117,4,5,41.486242021820914,7.684441038505635,0.1852286604909593
15126,4,5,157.00819399312383,38.05947168411665,0.24240436576057595
15129,3,5,43.00091656526036,7.723030127741338,0.17960152351684128
15134,5,5,152.28976779081904,39.27796409252036,0.2579159759864594
15135,3,5,43.27751475199958,7.82692186432605,0.18085423595088526
15143,3,5,74.33899920498796,17.99440770481658,0.24205878337422118
15145,4,5,19.371662423159783,5.126822398397969,0.26465577844618016
15154,5,5,245.40124710059615,42.270432922254514,0.1722502775420974
15160,3,5,140.48214241286178,37.280451872377235,0.2653750237009771
15161,3,5,108.03079779250642,28.437152220079707,0.26323190054283074
15166,3,5,43.8104336610459,8.02743304631317,0.1832310793456211
15171,4,5,107.99707206465045,28.432218790885127,0.2632684224426446
15173,4,5,140.48214241286178,37.280451872377235,0.2653750237009771
15178,5,5,117.6038744346693,27.470977442372526,0.2335890511637273
15210,3,5,44.55593933369777,8.32258502751482,0.18678957624893855
15211,3,5,45.756520830874244,11.784165581129301,0.25754068200871444
15219,5,5,19.371662423159783,5.126822398397969,0.26465577844618016
15229,4,5,326.10984555937864,70.2852826386372,0.2155264049697007
15238,3,5,54.90663042693192,14.137115605317849,0.2574755634318353
15243,4,5,111.19769259570482,15.767820250363263,0.14179988705064478
15257,3,5,66.23526999342786,17.006156559724253,0.25675378935439797
15265,4,5,49.98885775617695,9.161031023125634,0.18326145933977933
15277,3,5,113.19776033207793,30.14090744594708,0.26626770138848554
15285,3,5,41.46951356292809,7.906572590276097,0.19065988266966852
15287,3,5,133.91415212609246,25.382809071470202,0.1895453816380061
15293,5,5,176.42097252720964,34.5987208137951,0.19611455666620867
15299,4,5,109.29686937226553,15.04789399718235,0.13767909441147091
15305,3,5,112.06257374490941,15.420760890712716,0.13760848404049103
15331,3,5,64.65974421164658,12.070478868370197,0.1866768731540396
15339,4,5,17.371145702827793,2.216750578192597,0.12761107506177555
15340,3,5,108.61424786984551,13.967233101865919,0.12859485174176333
15341,3,5,105.73995667791988,23.858097395338415,0.22562991460275822
15343,4,5,43.797628259754475,8.807495279892594,0.20109525629235447
15354,3,5,55.987867519713355,10.670768292306022,0.19059072554511636
15360,4,5,140.31939498948898,29.922069201453976,0.2132425756517506
15361,6,5,794.7397855526058,131.88601918673263,0.16594868104536684
15367,3,5,144.49231046011604,38.816623144435894,0.26864144549166424
15369,3,5,43.797628259754475,8.807495279892594,0.20109525629235447
15375,4,5,143.46713034593165,29.00656830442836,0.20218267581213184
15408,3,5,17.371145702827793,2.216750578192597,0.12761107506177555
15411,3,5,71.34986506478916,13.61156901927358,0.19077217604985813
15412,3,5,65.94262969355442,13.061463514663094,0.19807313683669775
15419,4,5,150.10705502941053,28.049828301055975,0.18686548940394682
15424,4,5,190.24883129099027,50.1805328907571,0.2637626341788389
15428,6,5,1458.1448300262234,285.87701333281154,0.19605529399138652
15436,4,5,37.32156946262656,7.758209140721245,0.2078746754873274
15440,3,5,115.32015428192689,31.707527851867834,0.2749521802958347
15445,4,5,268.9545932528475,50.51201717560465,0.18780871731801096
15447,3,5,140.31939498948898,29.922069201453976,0.2132425756517506
15448,6,5,698.6303439058763,133.84399560346375,0.1915805644157592
15452,4,5,45.16518675528881,6.604675155775267,0.1462337616704721
15453,4,5,253.9249412913389,61.72597593922251,0.24308748729177282
15461,3,5,47.69053250512433,9.724641742105796,0.20391136838450874
15465,3,5,77.69076617040331,14.90951362299772,0.19190843851759534
15469,4,5,115.32015428192689,31.707527851867834,0.2749521802958347
15470,3,5,66.83639707291701,13.630692161184191,0.20394115718585806
15475,3,5,46.766714122383576,12.12280027441954,0.25921855965111096
15476,5,5,369.00803708166706,69.28252731291337,0.18775343719025855
15485,4,5,64.65974421164658,12.070478868370197,0.1866768731540396
15487,3,5,114.10138602153295,31.298839855661974,0.2743072713398532
15495,4,5,77.13351886472338,16.398818778504044,0.21260301643004592
15499,4,5,145.5551802215536,30.117137655860617,0.2069121663002202
15503,3,5,49.3449967328039,12.195857828941982,0.24715490194438167
15505,4,5,42.623624914836135,7.578872095760123,0.17780918706241058
15509,4,5,193.8750503399382,37.80700613468867,0.19500707320719357
15520,3,5,67.52109271515022,14.041666594979734,0.20795970607609998
15523,3,5,147.10833621755464,33.66752835980985,0.2288621381049394
15524,3,5,155.33971256783698,39.89208200253563,0.2568054320630645
15531,5,5,242.87979287066392,42.543836686558784,0.1751641673591752
15534,3,5,72.41628885900722,13.187880794441538,0.18211207729959797
15544,4,5,228.6510962613194,48.77775576553506,0.21332832670869084
15551,3,5,109.29686937226553,15.04789399718235,0.13767909441147091
15552,3,5,77.0617372172382,16.239953202743525,0.2107395159930388
15559,4,5,153.5125567314215,25.362534448306718,0.16521472241961183
15562,3,5,31.163570113549795,8.096986094852552,0.25982215982795936
15563,5,5,424.6249746691752,88.12947343924608,0.20754660864662436
15570,3,5,162.92769980866905,42.58982825035285,0.2614032377574064
15571,3,5,111.85143586366526,27.515775134415428,0.24600287803148246
15578,3,5,77.27932592953118,16.412764019798356,0.2123823392916844
15582,3,5,116.67952793731946,16.32883488002056,0.13994601425532377
15586,3,5,77.13351886472338,16.398818778504044,0.21260301643004592
15591,4,5,77.0617372172382,16.239953202743525,0.2107395159930388
15592,4,5,111.85143586366526,27.515775134415428,0.24600287803148246
15594,4,5,279.0731898748346,58.00517151603153,0.20784931559368736
15612,3,5,44.89227895991071,11.575556084729072,0.2578518255904577
15615,5,5,120.46355393635027,20.69962905624812,0.17183312611867033
15618,6,5,479.06790515954293,110.51130130515043,0.23067982662780778
15621,4,5,54.64637926648383,14.027198353702463,0.2566903524440043
15625,3,5,108.82403913109539,28.84168982448921,0.2650305029548199
15628,3,5,108.56090826206213,28.81369211205108,0.26541498752475307
15636,3,5,18.3763690731691,2.095444899547314,0.1140293216360583
15646,3,5,54.64637926648383,14.027198353702463,0.2566903524440043
15647,3,5,155.41652683338035,32.682772935277164,0.21029148959374094
15649,4,5,108.99679427633893,17.121357149912356,0.1570812909093884
15655,4,5,108.82403913109539,28.84168982448921,0.2650305029548199
15668,3,5,45.16518675528881,6.604675155775267,0.1462337616704721
15670,3,5,155.87658604765898,33.076111368378676,0.2121942249765832
15680,3,5,176.76582036783813,46.3231832125686,0.2620596171599978
15683,3,5,38.38694766191105,4.875946787167582,0.12702095592783158
15685,3,5,122.34898661787173,17.77470517012283,0.14527872818136156
15686,4,5,108.56090826206213,28.81369211205108,0.26541498752475307
15687,4,5,52.43233368919962,6.944558636384087,0.13244801723968613
15689,3,5,108.99679427633893,17.121357149912356,0.1570812909093884
15700,5,5,165.20305014415857,35.62143038000307,0.21562211078378574
15706,4,5,205.25506989570547,56.95203862359039,0.27746958285867895
15711,5,5,211.33555582274994,34.6391785856448,0.16390606138560593
15714,3,5,114.03152555829335,30.86265230159971,0.2706501745942406
15715,3,5,64.00542108268826,16.483971234848088,0.25754023574897716
15731,3,5,205.25506989570547,56.95203862359039,0.27746958285867895
15738,4,5,36.74087576874078,4.802806398471246,0.13072106469921124
15743,5,5,199.99450958087905,34.71313198925745,0.1735704248181835
15744,3,5,110.73733585660722,29.430768222228714,0.2657709614789573
15749,3,5,112.61888830290881,30.207409387850443,0.26822684758352583
15751,4,5,60.078953516865184,11.895832893634497,0.19800333057224664
15752,5,5,508.75414360468585,132.75292585233188,0.26093728674470335
15761,4,5,213.0863746232863,39.58224785290034,0.18575682242882716
15769,3,5,36.757280587876764,6.19851383638262,0.16863363494923522
15770,5,5,236.27356728892275,48.486047395879574,0.20521147563065872
15779,4,5,193.04866892131542,45.583856344086215,0.23612624007610075
15785,4,5,64.00542108268826,16.483971234848088,0.25754023574897716
15790,5,5,242.72569973643093,42.25682888803823,0.17409293261456757
15793,4,5,159.06807579773246,38.06829598956831,0.23932078010408034
15799,3,5,36.74087576874078,4.802806398471246,0.13072106469921124
15811,4,5,49.67703081511551,10.995237365403817,0.22133443132551783
15814,4,5,26.85277165180181,3.191556085361349,0.118853879470844
15819,3,5,16.28284855347731,2.5164661688121948,0.15454704749893325
15835,4,5,128.54097509592097,35.709786023100165,0.2778085820218222
15841,3,5,128.1610198711854,36.70714350895808,0.2864142587648914
15846,4,5,187.87350549859457,46.032625870450666,0.2450192524394826
15850,4,5,59.29450872066545,7.220860071230331,0.12177957498977812
15858,4,5,11.483474511019914,1.7261278510764486,0.15031407518865483
15869,4,5,197.5301278689204,35.08058703924036,0.1775961339047965
15877,3,5,15.1129709799092,5.480564656201844,0.3626397922346022
15882,4,5,25.35234714228222,6.288047531011614,0.24802624765753992
15904,3,5,15.675053101322856,1.9230714514712381,0.12268356853661602
15913,5,5,96.08894436425807,15.680772307412306,0.1631901818794987
15915,3,5,9.782830337900078,4.654118111197407,0.47574351700312034
15918,3,5,49.67703081511551,10.995237365403817,0.22133443132551783
15919,4,5,143.2739908510946,38.491192886922285,0.26865443377595577
15928,4,5,29.331352961543658,6.416687836234183,0.21876549113322877
15932,3,5,100.46748632037749,12.892926638466617,0.12832934425524278
15933,3,5,25.35234714228222,6.288047531011614,0.24802624765753992
15936,4,5,127.4977603124842,35.32554438163915,0.27706796021404445
15941,3,5,60.078953516865184,11.895832893634497,0.19800333057224664
15951,4,5,8.84900020137581,1.607208341308123,0.18162598087162887
15971,5,5,289.56956862565016,71.54821320588097,0.24708471109537442
15973,3,5,2.4057764382237097,1.2280885513155149,0.5104749268482597
15977,5,5,358.6043512231927,90.29522559007813,0.2517962352717774
15980,3,5,156.8106905979176,32.96467153271468,0.21021954183749025
15984,3,5,14.531720668028512,5.474566492889944,0.3767321584246133
15995,3,5,127.4977603124842,35.32554438163915,0.27706796021404445
15996,5,5,220.10661515955383,41.49241773948883,0.1885105438989703
15997,4,5,1.2012956946300413,0.28712921382337736,0.23901626810691562
16008,3,5,1.816986663125911,1.1537015481647106,0.6349532286494075
16017,3,5,14.16518198775747,2.1272933769890976,0.15017762417931882
16022,5,5,438.14126567256704,95.41064577566384,0.21776229095701383
16025,5,5,1169.1167559106705,208.2975658808357,0.1781666072509453
16037,3,5,1.2012956946300413,0.28712921382337736,0.23901626810691562
16039,4,5,115.8657975575945,11.73150078697993,0.10125076626817714
16042,3,5,107.66343366580153,14.021919298304766,0.13023845534994044
16049,3,5,1.5143773540256646,1.0896874918205142,0.7195614018684321
16055,3,5,1.2065638998080417,0.8791161526125418,0.7286113505902214
16056,3,5,6.3608538118006805,4.072284682042473,0.6402103872419698
16060,5,5,144.47528654572466,38.77305112060045,0.2683715121639801
16065,3,5,0.25762398964349226,0.19488188404983486,0.7564586058911603
16066,4,5,6.3608538118006805,4.072284682042473,0.6402103872419698
16069,3,5,8.044282089849512,2.5327469018861106,0.31485058251276365
16076,4,5,74.51965626465915,8.230563878539455,0.11044822656331534
16091,5,5,101.89341338400104,18.715268132840748,0.18367495514464094
16092,4,5,0.25762398964349226,0.19488188404983486,0.7564586058911603
16094,4,5,13.805427953829527,7.108103018095815,0.5148774121213735
16105,4,5,14.16518198775747,2.1272933769890976,0.15017762417931882
16113,5,5,188.13112948823806,45.95118200961048,0.24425081662247364
16120,4,5,119.34089411412364,32.82163355217522,0.2750241968255111
16124,4,5,10.547663061372289,1.978592628683631,0.1875858772859027
16127,4,5,101.1113800351611,27.18506373388948,0.2688625526071939
16131,3,5,119.34089411412364,32.82163355217522,0.2750241968255111
16140,5,5,134.87202462595826,29.96002548312295,0.22213669266262848
16170,3,5,115.2917117751874,31.198228235423866,0.27060252428430176
16171,5,5,33.33318493339132,3.817507847969088,0.1145257453074915
16173,4,5,33.33318493339132,3.817507847969088,0.1145257453074915
16183,6,5,1299.3202388287548,308.5511642434731,0.23747122150703215
16195,5,5,227.86957591356224,60.34081188144263,0.2648041610624303
16197,3,5,111.73629197982191,27.999006036175544,0.2505811275823596
16208,3,5,101.1113800351611,27.18506373388948,0.2688625526071939
16210,3,5,0.9591634410087627,1.5214380048407632,1.5862135062619256
16225,4,5,106.770514747165,27.91693501622087,0.261466708129382
16228,4,5,227.86957591356224,60.34081188144263,0.2648041610624303
16231,4,5,100.89466835173174,25.494594967392665,0.2526852546708934
16232,3,5,106.47666048834897,28.836261657476815,0.2708223710738202
16236,3,5,98.04943974239207,26.19942692186749,0.2672062888957035
16239,4,5,115.88753660042255,31.135740369817903,0.26867203569244197
16240,3,5,0.6708678113098402,1.1809893126219815,1.760390486340597
16245,4,5,0.7420458449957481,1.2687324678196372,1.709776392356064
16254,3,5,99.5768787447919,26.05115576725464,0.2616185212434887
16255,3,5,99.03677341321703,26.115185194090035,0.26369180147992194
16257,5,5,45.23775932415445,11.58551557316737,0.25610277224719546
16262,4,5,0.7242781009964359,1.4533124745153314,2.0065669147195204
16266,3,5,100.92933829324633,26.379572828459555,0.26136674701873813
16272,3,5,0.7242781009964359,1.4533124745153314,2.0065669147195204
16276,3,5,99.39112267297608,25.93693787442552,0.2609582946332654
16279,3,5,1.0722639696640002,1.1380385250112979,1.061341756515337
16284,5,5,99.50546430098095,25.371797122215547,0.2549789330711703
16285,3,5,33.33318493339132,3.817507847969088,0.1145257453074915
16297,3,5,27.72782240175412,6.161098444021243,0.22219914549191136
16303,4,5,108.18208707399964,28.931232589469253,0.2674308970363963
16309,3,5,0.7420458449957481,1.2687324678196372,1.709776392356064
16312,4,5,99.5768787447919,26.05115576725464,0.2616185212434887
16315,3,5,99.06950495872377,25.612132395182172,0.2585269039736616
16317,4,5,22.41145454513991,6.058261193194508,0.2703198572405148
16323,4,5,69.09539344430354,18.386207024192004,0.26609888311892704
16325,3,5,0.7274020096629833,1.1818431246610115,1.6247454763131295
16332,3,5,22.41145454513991,6.058261193194508,0.2703198572405148
16346,3,5,97.21857690096184,24.881560807946848,0.25593422163846424
16349,6,5,559.2248549859473,130.95341149520786,0.2341695121875414
16363,4,5,46.17083604692775,11.820109870924307,0.2560081402665185
16366,5,5,27.72782240175412,6.161098444021243,0.22219914549191136
16381,3,5,98.3631348076249,24.77663861083647,0.2518894772853034
16383,3,5,16.460550039605142,1.786305357469049,0.10852039288912482
16395,4,5,16.460550039605142,1.786305357469049,0.10852039288912482
16396,4,5,98.37974472315717,24.332505239916884,0.24733246979232468
16398,3,5,1.150000821120969,2.571474343236538,2.236063049702852
16404,4,5,192.6789960865484,47.785223991607126,0.24800432305627515
16407,5,5,84.36171470439731,18.34635152224819,0.21747248247067572
16409,3,5,14.195538870159515,1.531952772458597,0.10791790198813231
16421,4,5,158.09517649540385,38.804876027274105,0.24545262472572807
16422,3,5,5.5781333785292535,0.5937677699590571,0.10644560279690042
16432,4,5,14.195538870159515,1.531952772458597,0.10791790198813231
16439,4,5,0.7274020096629833,1.1818431246610115,1.6247454763131295
16444,4,5,97.21857690096184,24.881560807946848,0.25593422163846424
16446,6,5,140.68794527759093,28.821813281823935,0.20486341757963492
16450,3,5,5.270623811077781,4.691373947458478,0.8900984239471166
16463,4,5,84.36171470439731,18.34635152224819,0.21747248247067572
16468,6,5,166.0466203162557,24.128837744735584,0.14531363359747593
16480,3,5,64.12432942205716,16.700161845542322,0.2604340972616532
16484,4,5,3.3234416510532143,6.264341675484124,1.8848959401766312
16486,3,5,0.9736448584174996,1.7740823386207918,1.822104151511951
16491,4,5,2.096395412607812,2.203397299836021,1.0510408897981245
16494,3,5,46.17083604692775,11.820109870924307,0.2560081402665185
16495,3,5,2.003684178204505,1.8177120512846678,0.9071849102055164
16496,3,5,73.37643992207234,14.881470438044943,0.20280992718983704
16503,4,5,51.10988645047689,7.792654178246248,0.15246862631551664
16531,5,5,14.195538870159515,1.531952772458597,0.10791790198813231
16552,4,5,1.9414983012205842,1.6552758525794382,0.8525765134786865
16573,5,5,53.94533416113779,8.781085867028345,0.1627774858303545
16586,3,5,1.8637823299461271,1.6731403916751626,0.8977123373218829
16591,3,5,1.9414983012205842,1.6552758525794382,0.8525765134786865
16599,3,5,1.0446554975230522,1.5755431889666158,1.508194034016318
16600,4,5,2.3457533447984336,1.9119280009258766,0.8150592666383537
16603,5,5,102.36929606467683,25.25944089627679,0.24674821325642307
16624,3,5,0.15940903984190483,0.08029096990510501,0.5036789004233023
16626,5,5,116.01747383058397,31.118919699802166,0.268226144496509
16629,6,5,149.2089320022297,31.845601660433644,0.2134295932093245
16632,6,5,980.7562024926754,177.52951825141326,0.1810128937244617
16634,3,5,3.796717168154933,2.330122946685713,0.6137204441325473
16636,3,5,1.050779826858682,2.3478449174507925,2.2343833193578724
16660,6,5,34.02142728337779,5.448825625890426,0.160158642978292
16667,4,5,1.0446554975230522,1.5755431889666158,1.508194034016318
16669,6,5,140.68794527759093,28.821813281823935,0.20486341757963492
16670,3,5,0.8200562016434663,1.8197672016502822,2.2190762023423583
16679,3,5,0.7014906735205346,1.5026306221928492,2.142053599446555
16680,4,5,1.150000821120969,2.571474343236538,2.236063049702852
16687,4,5,6.390131140187314,6.911179936358554,1.0815396092412535
16707,5,5,339.90922899637997,66.65900987523563,0.19610826711605864
16724,3,5,0.2500191053288215,0.5514064992593991,2.205457453078225
16726,5,5,210.18420162367664,47.912003519664346,0.22795244908772058
16741,3,5,2.486218936167339,5.39091820861504,2.168319985900146
16748,4,5,9.56145369532566,7.418754929934988,0.7759024063006047
16765,4,5,11.50085377896153,8.378572770781737,0.7285174589480157
16774,3,5,3.0476778803348714,6.027343943554972,1.9776840533070714
16780,4,5,42.79289966406911,6.777828121637016,0.1583867458116654
16786,3,5,2.8437748693733123,4.832844938137111,1.6994470941372843
16796,3,5,3.0340216098014556,4.10118524424844,1.3517323775807975
16797,4,5,6.393227351769152,8.721594231220871,1.3641927232272457
16798,5,5,34.02142728337779,5.448825625890426,0.160158642978292
16806,3,5,3.5494524823958393,4.181594358190998,1.1780956017668591
16808,3,5,3.9039122040199756,3.075475223790995,0.7877931323927023
16829,3,5,8.302028219312986,3.176983579497981,0.38267559391178324
16843,3,5,14.107528269320492,3.7503116098706286,0.2658376108326783
16844,5,5,110.09760197691342,14.827233814638456,0.1346735400989715
16849,6,5,1389.278550024643,301.8946449883393,0.21730317867715174
16854,5,5,110.09760197691342,14.827233814638456,0.1346735400989715
16859,3,5,6.2668233947743195,1.2541232919258858,0.20012105223384058
16866,4,5,14.107528269320492,3.7503116098706286,0.2658376108326783
16870,4,5,34.02142728337779,5.448825625890426,0.160158642978292
16878,5,5,3.0476778803348714,6.027343943554972,1.9776840533070714
16888,3,5,15.555703679632076,2.6010426777811384,0.1672082942275909
16892,8,5,2344.233479813185,480.19091601522484,0.20483920230227745
16898,4,5,10.134158327508631,5.861379316559642,0.5783785024010569
16906,4,5,42.88970537048605,4.579870760210388,0.10678251857057432
16920,3,5,25.050966349480376,2.9611868967118906,0.11820649372966459
16927,4,5,37.48749446082365,5.276963104384026,0.14076595889593857
16932,3,5,29.965290585446155,3.699053756912581,0.12344461490752821
16940,3,5,32.69836168891041,4.233326127566789,0.12946600101382186
16948,4,5,15.555703679632076,2.6010426777811384,0.1672082942275909
16949,3,5,35.71546849772043,4.846001739225683,0.13568355513900043
16960,6,5,136.81395807411477,21.029678531397167,0.15371003680783055
16962,3,5,37.59488272974155,5.81244125990456,0.1546072453979568
16963,3,5,32.87401240749365,5.2185504043228335,0.15874394459780825
16974,4,5,73.31035122746198,10.641957029244146,0.14516308885528406
16975,3,5,34.02142728337779,5.448825625890426,0.160158642978292
16988,3,5,42.79289966406911,6.777828121637016,0.1583867458116654
16999,5,5,53.19911731000005,11.347150795947911,0.21329584718156483
17025,5,5,58.563874414634356,8.258755297186736,0.14102132722152994
17137,7,5,912.0652244180555,178.20820205448436,0.19538975643785822
