"Fish_id","Watershed","Year","OtoNum","natal_start","natal_end","natal_iso","natal_isose","Date","DOY","OriginalDate","Month","dailyCPUEprop","oto_catch_daily","OtoPropDaily","COratio"
"2018_kk_001_redo","Kusko",2018,1,556.8852604,681.6124866,0.705719281,0.001834087,2018-06-01,152,"2018-06-01",6,0.00225190486473147,2,0.00793650793650794,0.283740012956165
"2018_kk_001","Kusko",2018,1,566.5540139,683.7821513,0.70593205,0.00089791,2018-06-01,152,"2018-06-01",6,0.00225190486473147,2,0.00793650793650794,0.283740012956165
"2018_kk_002","Kusko",2018,2,362.37407,474.9232603,0.707788742,0.000964332,2018-06-02,153,"2018-06-02",6,0.00271462504241602,1,0.00396825396825397,0.684085510688836
"2018_kk_003_redo","Kusko",2018,3,464.7141367,659.7159168,0.710070859,0.001788073,2018-06-03,154,"2018-06-03",6,0.00280716907795293,2,0.00793650793650794,0.353703303822069
"2018_kk_003","Kusko",2018,3,639.9005267,767.0475892,0.710381501,0.001451763,2018-06-03,154,"2018-06-03",6,0.00280716907795293,2,0.00793650793650794,0.353703303822069
NA,NA,NA,NA,NA,NA,NA,NA,NA,155,NA,NA,0.00980966776691242,NA,0,NA
"2018_kk_005","Kusko",2018,5,485.1545673,635.9406702,0.710201871,0.001031916,2018-06-05,156,"2018-06-05",6,0.00205139278773483,2,0.00793650793650794,0.258475491254589
"2018_kk_006","Kusko",2018,6,660.9288798,861.6323377,0.709317189,0.000955389,2018-06-05,156,"2018-06-05",6,0.00205139278773483,2,0.00793650793650794,0.258475491254589
"2018_kk_008","Kusko",2018,8,432.1698854,651.8755249,0.709536243,0.001299764,2018-06-06,157,"2018-06-06",6,0,1,0.00396825396825397,0
"2018_kk_011","Kusko",2018,11,327.9148949,483.9243401,0.709367257,0.001102626,2018-06-07,158,"2018-06-07",6,0.0127248048863251,2,0.00793650793650794,1.60332541567696
"2018_kk_012","Kusko",2018,12,475.1335627,700.873316,0.709111431,0.001114588,2018-06-07,158,"2018-06-07",6,0.0127248048863251,2,0.00793650793650794,1.60332541567696
NA,NA,NA,NA,NA,NA,NA,NA,NA,159,NA,NA,0,NA,0,NA
"2018_kk_013_redo","Kusko",2018,13,563.3287158,720.3723604,0.710540735,0.001718768,2018-06-09,160,"2018-06-09",6,0.0122466607027177,3,0.0119047619047619,1.02871949902829
"2018_kk_015","Kusko",2018,15,479.0794209,628.0574802,0.709541434,0.001080738,2018-06-09,160,"2018-06-09",6,0.0122466607027177,3,0.0119047619047619,1.02871949902829
"2018_kk_016_redo","Kusko",2018,16,330.2501914,460.112796,0.706925609,0.000975481,2018-06-09,160,"2018-06-09",6,0.0122466607027177,3,0.0119047619047619,1.02871949902829
"2018_kk_019_redo","Kusko",2018,19,696.3157842,812.0397552,0.70592273,0.000866626,2018-06-10,161,"2018-06-10",6,0.0133417651232378,3,0.0119047619047619,1.12070827035198
"2018_kk_021","Kusko",2018,21,480.1221149,704.2135584,0.70972144,0.001126319,2018-06-10,161,"2018-06-10",6,0.0133417651232378,3,0.0119047619047619,1.12070827035198
"2018_kk_023","Kusko",2018,23,616.3045405,734.150181,0.709775316,0.00117756,2018-06-10,161,"2018-06-10",6,0.0133417651232378,3,0.0119047619047619,1.12070827035198
"2018_kk_024","Kusko",2018,24,560.8535817,689.587936,0.705518579,0.00089708,2018-06-11,162,"2018-06-11",6,0.0181694789770799,5,0.0198412698412698,0.915741740444828
"2018_kk_025","Kusko",2018,25,493.3316551,663.6212071,0.707156128,0.000758508,2018-06-11,162,"2018-06-11",6,0.0181694789770799,5,0.0198412698412698,0.915741740444828
"2018_kk_028_redo","Kusko",2018,28,646.6132309,768.0157149,0.712423709,0.001704215,2018-06-11,162,"2018-06-11",6,0.0181694789770799,5,0.0198412698412698,0.915741740444828
"2018_kk_029","Kusko",2018,29,549.5814414,773.3928354,0.709208786,0.000938048,2018-06-11,162,"2018-06-11",6,0.0181694789770799,5,0.0198412698412698,0.915741740444828
"2018_kk_031_redo","Kusko",2018,31,444.6533215,780.777438,0.709545818,0.002530616,2018-06-11,162,"2018-06-11",6,0.0181694789770799,5,0.0198412698412698,0.915741740444828
"2018_kk_033","Kusko",2018,33,528.7053865,722.7105218,0.707000765,0.000851289,2018-06-12,163,"2018-06-12",6,0.0267143782583212,7,0.0277777777777778,0.961717617299565
"2018_kk_035","Kusko",2018,35,654.2492789,824.9058946,0.706456418,0.001165035,2018-06-12,163,"2018-06-12",6,0.0267143782583212,7,0.0277777777777778,0.961717617299565
"2018_kk_036","Kusko",2018,36,529.0697718,642.026567,0.705780493,0.001002123,2018-06-12,163,"2018-06-12",6,0.0267143782583212,7,0.0277777777777778,0.961717617299565
"2018_kk_038_redo","Kusko",2018,38,443.9413891,699.5011161,0.709275777,0.001213533,2018-06-12,163,"2018-06-12",6,0.0267143782583212,7,0.0277777777777778,0.961717617299565
"2018_kk_039","Kusko",2018,39,538.1399002,655.4797874,0.718931521,0.001495448,2018-06-12,163,"2018-06-12",6,0.0267143782583212,7,0.0277777777777778,0.961717617299565
"2018_kk_040","Kusko",2018,40,742.6261921,929.366538,0.707301012,0.000877772,2018-06-12,163,"2018-06-12",6,0.0267143782583212,7,0.0277777777777778,0.961717617299565
"2018_kk_043","Kusko",2018,43,439.413925,762.5525851,0.709445454,0.000886965,2018-06-12,163,"2018-06-12",6,0.0267143782583212,7,0.0277777777777778,0.961717617299565
"2018_kk_047_redo","Kusko",2018,47,459.9662715,568.0690939,0.705573629,0.001054234,2018-06-13,164,"2018-06-13",6,0.037002190208841,9,0.0357142857142857,1.03606132584755
"2018_kk_047","Kusko",2018,47,403.8005949,641.1094647,0.709000978,0.000968051,2018-06-13,164,"2018-06-13",6,0.037002190208841,9,0.0357142857142857,1.03606132584755
"2018_kk_049_redo","Kusko",2018,49,353.125674,589.6279776,0.70902249,0.001024574,2018-06-13,164,"2018-06-13",6,0.037002190208841,9,0.0357142857142857,1.03606132584755
"2018_kk_051_redo","Kusko",2018,51,373.687859,544.9940906,0.709811513,0.001221635,2018-06-13,164,"2018-06-13",6,0.037002190208841,9,0.0357142857142857,1.03606132584755
"2018_kk_052","Kusko",2018,52,490.6143587,589.8432613,0.709342629,0.001112493,2018-06-13,164,"2018-06-13",6,0.037002190208841,9,0.0357142857142857,1.03606132584755
"2018_kk_053","Kusko",2018,53,650.4150378,794.3006016,0.709838693,0.001354601,2018-06-13,164,"2018-06-13",6,0.037002190208841,9,0.0357142857142857,1.03606132584755
"2018_kk_054","Kusko",2018,54,522.648125,642.6664716,0.706049635,0.00087608,2018-06-13,164,"2018-06-13",6,0.037002190208841,9,0.0357142857142857,1.03606132584755
"2018_kk_055","Kusko",2018,55,598.1280877,772.023656,0.709010431,0.001562889,2018-06-13,164,"2018-06-13",6,0.037002190208841,9,0.0357142857142857,1.03606132584755
"2018_kk_057_redo","Kusko",2018,57,500.6218495,622.2406353,0.705834273,0.001146183,2018-06-13,164,"2018-06-13",6,0.037002190208841,9,0.0357142857142857,1.03606132584755
"2018_kk_058_redo","Kusko",2018,58,517.3991895,660.0877794,0.705089745,0.001421032,2018-06-14,165,"2018-06-14",6,0.0335780608939754,10,0.0396825396825397,0.84616713452818
"2018_kk_061","Kusko",2018,61,264.0028636,462.2157843,0.707597107,0.000883693,2018-06-14,165,"2018-06-14",6,0.0335780608939754,10,0.0396825396825397,0.84616713452818
"2018_kk_062_redo","Kusko",2018,62,727.7558657,936.5046174,0.709797718,0.001887577,2018-06-14,165,"2018-06-14",6,0.0335780608939754,10,0.0396825396825397,0.84616713452818
"2018_kk_064_redo","Kusko",2018,64,611.1330967,838.6779249,0.70869086,0.001574883,2018-06-14,165,"2018-06-14",6,0.0335780608939754,10,0.0396825396825397,0.84616713452818
"2018_kk_066","Kusko",2018,66,544.4705865,687.7553427,0.708967415,0.001163174,2018-06-14,165,"2018-06-14",6,0.0335780608939754,10,0.0396825396825397,0.84616713452818
"2018_kk_067","Kusko",2018,67,749.6866172,969.1778307,0.708798503,0.000841747,2018-06-14,165,"2018-06-14",6,0.0335780608939754,10,0.0396825396825397,0.84616713452818
"2018_kk_069_redo","Kusko",2018,69,559.9538486,684.7639493,0.704865255,0.00143329,2018-06-14,165,"2018-06-14",6,0.0335780608939754,10,0.0396825396825397,0.84616713452818
"2018_kk_072_redo","Kusko",2018,72,660.6805834,820.9972468,0.709186604,0.001504332,2018-06-14,165,"2018-06-14",6,0.0335780608939754,10,0.0396825396825397,0.84616713452818
"2018_kk_073","Kusko",2018,73,692.825581,778.4352525,0.711260577,0.00157275,2018-06-14,165,"2018-06-14",6,0.0335780608939754,10,0.0396825396825397,0.84616713452818
"2018_kk_074","Kusko",2018,74,532.0805306,701.3372033,0.705882814,0.000694796,2018-06-14,165,"2018-06-14",6,0.0335780608939754,10,0.0396825396825397,0.84616713452818
"2018_kk_076","Kusko",2018,76,684.1269084,929.3064525,0.709064666,0.001001402,2018-06-15,166,"2018-06-15",6,0.050837523521609,12,0.0476190476190476,1.06758799395379
"2018_kk_080_redo","Kusko",2018,80,545.9029318,743.8987146,0.709399087,0.00270361,2018-06-15,166,"2018-06-15",6,0.050837523521609,12,0.0476190476190476,1.06758799395379
"2018_kk_082","Kusko",2018,82,613.1392333,770.33855,0.704966276,0.001037335,2018-06-15,166,"2018-06-15",6,0.050837523521609,12,0.0476190476190476,1.06758799395379
"2018_kk_083","Kusko",2018,83,560.4424227,770.4143415,0.711572294,0.0014642,2018-06-15,166,"2018-06-15",6,0.050837523521609,12,0.0476190476190476,1.06758799395379
"2018_kk_088","Kusko",2018,88,513.1337287,665.2899018,0.705560542,0.000713061,2018-06-15,166,"2018-06-15",6,0.050837523521609,12,0.0476190476190476,1.06758799395379
"2018_kk_091","Kusko",2018,91,423.2906293,672.8592209,0.709610826,0.000789646,2018-06-15,166,"2018-06-15",6,0.050837523521609,12,0.0476190476190476,1.06758799395379
"2018_kk_092_redo","Kusko",2018,92,462.7685762,715.0531877,0.708602941,0.001317724,2018-06-15,166,"2018-06-15",6,0.050837523521609,12,0.0476190476190476,1.06758799395379
"2018_kk_094","Kusko",2018,94,626.1948261,789.3267988,0.709092348,0.001157681,2018-06-15,166,"2018-06-15",6,0.050837523521609,12,0.0476190476190476,1.06758799395379
"2018_kk_095","Kusko",2018,95,471.6694027,706.2988754,0.70801268,0.000440309,2018-06-15,166,"2018-06-15",6,0.050837523521609,12,0.0476190476190476,1.06758799395379
"2018_kk_096_redo","Kusko",2018,96,435.3463637,755.5706341,0.710323333,0.000750672,2018-06-15,166,"2018-06-15",6,0.050837523521609,12,0.0476190476190476,1.06758799395379
"2018_kk_097","Kusko",2018,97,490.0349753,777.4531006,0.709484638,0.000870705,2018-06-15,166,"2018-06-15",6,0.050837523521609,12,0.0476190476190476,1.06758799395379
"2018_kk_098_redo","Kusko",2018,98,423.2486137,588.8894738,0.708937408,0.001382038,2018-06-15,166,"2018-06-15",6,0.050837523521609,12,0.0476190476190476,1.06758799395379
"2018_kk_101","Kusko",2018,101,522.193855,634.3341143,0.708801139,0.001233684,2018-06-16,167,"2018-06-16",6,0.0241385692692106,6,0.0238095238095238,1.01381990930684
"2018_kk_102","Kusko",2018,102,526.8741082,773.0888912,0.708916514,0.000923732,2018-06-16,167,"2018-06-16",6,0.0241385692692106,6,0.0238095238095238,1.01381990930684
"2018_kk_110","Kusko",2018,110,516.9628856,678.912794,0.709016644,0.001061063,2018-06-16,167,"2018-06-16",6,0.0241385692692106,6,0.0238095238095238,1.01381990930684
"2018_kk_111","Kusko",2018,111,790.298709,902.1095071,0.705422083,0.000864499,2018-06-16,167,"2018-06-16",6,0.0241385692692106,6,0.0238095238095238,1.01381990930684
"2018_kk_114_redo","Kusko",2018,114,263.05064,435.2043735,0.707134493,0.001044085,2018-06-16,167,"2018-06-16",6,0.0241385692692106,6,0.0238095238095238,1.01381990930684
"2018_kk_116_redo","Kusko",2018,116,639.9931208,741.4630348,0.706768163,0.001382543,2018-06-16,167,"2018-06-16",6,0.0241385692692106,6,0.0238095238095238,1.01381990930684
"2018_kk_103_redo","Kusko",2018,103,445.3260638,686.8216452,0.709151571,0.000776829,2018-06-17,168,"2018-06-17",6,0.020452231853657,6,0.0238095238095238,0.858993737853595
"2018_kk_103a_redo","Kusko",2018,103,941.7698496,591.9175836,NA,NA,2018-06-17,168,"2018-06-17",6,0.020452231853657,6,0.0238095238095238,0.858993737853595
"2018_kk_106_redo","Kusko",2018,106,468.6509155,716.659884,0.709177373,0.001183402,2018-06-17,168,"2018-06-17",6,0.020452231853657,6,0.0238095238095238,0.858993737853595
"2018_kk_107","Kusko",2018,107,537.0095709,704.4986037,0.704951126,0.000958406,2018-06-17,168,"2018-06-17",6,0.020452231853657,6,0.0238095238095238,0.858993737853595
"2018_kk_109","Kusko",2018,109,293.2938191,546.6513316,0.706855822,0.000580519,2018-06-17,168,"2018-06-17",6,0.020452231853657,6,0.0238095238095238,0.858993737853595
"2018_kk_121","Kusko",2018,121,555.3064307,734.8429514,0.70813225,0.001107528,2018-06-17,168,"2018-06-17",6,0.020452231853657,6,0.0238095238095238,0.858993737853595
"2018_kk_118","Kusko",2018,118,459.3971491,542.8004845,0.707080815,0.000685401,2018-06-18,169,"2018-06-18",6,0.0222568405466268,5,0.0198412698412698,1.12174476354999
"2018_kk_125","Kusko",2018,125,565.5390668,746.9723955,0.708285771,0.000974178,2018-06-18,169,"2018-06-18",6,0.0222568405466268,5,0.0198412698412698,1.12174476354999
"2018_kk_127","Kusko",2018,127,657.2922425,803.7148342,0.710797842,0.001742548,2018-06-18,169,"2018-06-18",6,0.0222568405466268,5,0.0198412698412698,1.12174476354999
"2018_kk_128","Kusko",2018,128,595.4328053,771.1461897,0.705207946,0.001171834,2018-06-18,169,"2018-06-18",6,0.0222568405466268,5,0.0198412698412698,1.12174476354999
"2018_kk_129_redo","Kusko",2018,129,536.92096,713.9864168,0.706814694,0.000982667,2018-06-18,169,"2018-06-18",6,0.0222568405466268,5,0.0198412698412698,1.12174476354999
"2018_kk_122","Kusko",2018,122,500.6955128,738.0387893,0.70799627,0.000875526,2018-06-19,170,"2018-06-19",6,0.0152851898695129,2,0.00793650793650794,1.92593392355863
"2018_kk_123","Kusko",2018,123,409.082136,536.3536,0.709325784,0.000883658,2018-06-19,170,"2018-06-19",6,0.0152851898695129,2,0.00793650793650794,1.92593392355863
"2018_kk_132","Kusko",2018,132,646.0487562,757.5624806,0.707412334,0.000717681,2018-06-20,171,"2018-06-20",6,0.0216553043156369,6,0.0238095238095238,0.909522781256748
"2018_kk_134","Kusko",2018,134,526.7702376,731.8474751,0.71489861,0.001410009,2018-06-20,171,"2018-06-20",6,0.0216553043156369,6,0.0238095238095238,0.909522781256748
"2018_kk_136","Kusko",2018,136,484.2873785,656.6947114,0.708508374,0.001095978,2018-06-20,171,"2018-06-20",6,0.0216553043156369,6,0.0238095238095238,0.909522781256748
"2018_kk_137","Kusko",2018,137,479.5027239,669.319714,0.706091388,0.000659511,2018-06-20,171,"2018-06-20",6,0.0216553043156369,6,0.0238095238095238,0.909522781256748
"2018_kk_138_redo","Kusko",2018,138,785.8084955,987.2775484,0.704873172,0.00142261,2018-06-20,171,"2018-06-20",6,0.0216553043156369,6,0.0238095238095238,0.909522781256748
"2018_kk_138","Kusko",2018,138,618.7163056,799.3103877,0.704790784,0.000901834,2018-06-20,171,"2018-06-20",6,0.0216553043156369,6,0.0238095238095238,0.909522781256748
"2018_kk_139","Kusko",2018,139,475.5612018,700.002428,0.70929918,0.000474875,2018-06-21,172,"2018-06-21",6,0.0130949810284727,3,0.0119047619047619,1.09997840639171
"2018_kk_140","Kusko",2018,140,446.726402,619.4546661,0.708360141,0.000667312,2018-06-21,172,"2018-06-21",6,0.0130949810284727,3,0.0119047619047619,1.09997840639171
"2018_kk_141","Kusko",2018,141,600.2719906,744.7213988,0.70713272,0.000537133,2018-06-21,172,"2018-06-21",6,0.0130949810284727,3,0.0119047619047619,1.09997840639171
"2018_kk_145","Kusko",2018,145,712.3561276,858.0442634,0.704352742,0.000941823,2018-06-22,173,"2018-06-22",6,0.0206064719128852,6,0.0238095238095238,0.865471820341179
"2018_kk_146","Kusko",2018,146,591.2519378,860.8771007,0.705780172,0.000756799,2018-06-22,173,"2018-06-22",6,0.0206064719128852,6,0.0238095238095238,0.865471820341179
"2018_kk_149_redo","Kusko",2018,149,431.9470227,669.7898223,0.709888366,0.002900367,2018-06-22,173,"2018-06-22",6,0.0206064719128852,6,0.0238095238095238,0.865471820341179
"2018_kk_151_redo","Kusko",2018,151,564.5728328,817.6116003,0.708545494,0.001512725,2018-06-22,173,"2018-06-22",6,0.0206064719128852,6,0.0238095238095238,0.865471820341179
"2018_kk_152","Kusko",2018,152,460.1407824,691.7628661,0.709536112,0.001329147,2018-06-22,173,"2018-06-22",6,0.0206064719128852,6,0.0238095238095238,0.865471820341179
"2018_kk_155_redo","Kusko",2018,155,540.5648685,713.5176238,0.705797893,0.001702674,2018-06-22,173,"2018-06-22",6,0.0206064719128852,6,0.0238095238095238,0.865471820341179
"2018_kk_157","Kusko",2018,157,952.4702001,1165.71236,0.706635461,0.000934162,2018-06-23,174,"2018-06-23",6,0.0622512879044945,16,0.0634920634920635,0.980457784495789
"2018_kk_161","Kusko",2018,161,562.3763292,794.7488654,0.709757823,0.001008187,2018-06-23,174,"2018-06-23",6,0.0622512879044945,16,0.0634920634920635,0.980457784495789
"2018_kk_164","Kusko",2018,164,596.9488474,740.7885655,0.706321922,0.000784211,2018-06-23,174,"2018-06-23",6,0.0622512879044945,16,0.0634920634920635,0.980457784495789
"2018_kk_167","Kusko",2018,167,644.0265023,915.5682151,0.71089501,0.000551926,2018-06-23,174,"2018-06-23",6,0.0622512879044945,16,0.0634920634920635,0.980457784495789
"2018_kk_169","Kusko",2018,169,1079.751071,553.0398174,NA,NA,2018-06-23,174,"2018-06-23",6,0.0622512879044945,16,0.0634920634920635,0.980457784495789
"2018_kk_169a","Kusko",2018,169,996.4904023,555.580942,NA,NA,2018-06-23,174,"2018-06-23",6,0.0622512879044945,16,0.0634920634920635,0.980457784495789
"2018_kk_171","Kusko",2018,171,870.4055321,1070.797037,0.708088337,0.000974193,2018-06-23,174,"2018-06-23",6,0.0622512879044945,16,0.0634920634920635,0.980457784495789
"2018_kk_172","Kusko",2018,172,592.5734371,855.7602384,0.70936333,0.001163166,2018-06-23,174,"2018-06-23",6,0.0622512879044945,16,0.0634920634920635,0.980457784495789
"2018_kk_174","Kusko",2018,174,454.5836601,712.6125873,0.70902835,0.001127545,2018-06-23,174,"2018-06-23",6,0.0622512879044945,16,0.0634920634920635,0.980457784495789
"2018_kk_175_redo","Kusko",2018,175,579.3679958,788.2230257,0.705946509,0.001664538,2018-06-23,174,"2018-06-23",6,0.0622512879044945,16,0.0634920634920635,0.980457784495789
"2018_kk_176","Kusko",2018,176,738.2718023,855.3847851,0.708025844,0.001094491,2018-06-23,174,"2018-06-23",6,0.0622512879044945,16,0.0634920634920635,0.980457784495789
"2018_kk_177","Kusko",2018,177,607.2949876,778.7847212,0.705681618,0.001117018,2018-06-23,174,"2018-06-23",6,0.0622512879044945,16,0.0634920634920635,0.980457784495789
"2018_kk_178","Kusko",2018,178,656.787165,866.8627875,0.709245225,0.000993183,2018-06-23,174,"2018-06-23",6,0.0622512879044945,16,0.0634920634920635,0.980457784495789
"2018_kk_179_redo","Kusko",2018,179,364.8152976,491.0417204,0.708010369,0.001096666,2018-06-23,174,"2018-06-23",6,0.0622512879044945,16,0.0634920634920635,0.980457784495789
"2018_kk_181","Kusko",2018,181,1031.026947,1153.975805,0.706675859,0.000824507,2018-06-23,174,"2018-06-23",6,0.0622512879044945,16,0.0634920634920635,0.980457784495789
"2018_kk_183_redo","Kusko",2018,183,565.1979294,765.0271547,0.707839605,0.001296505,2018-06-23,174,"2018-06-23",6,0.0622512879044945,16,0.0634920634920635,0.980457784495789
"2018_kk_187_redo","Kusko",2018,187,391.5105224,664.8026419,0.709268588,0.001725018,2018-06-24,175,"2018-06-24",6,0.0478298423666595,14,0.0555555555555556,0.86093716259987
"2018_kk_191","Kusko",2018,191,588.16925,753.6600769,0.70569526,0.000673146,2018-06-24,175,"2018-06-24",6,0.0478298423666595,14,0.0555555555555556,0.86093716259987
"2018_kk_192","Kusko",2018,192,535.0456212,773.2137604,0.70667142,0.000628644,2018-06-24,175,"2018-06-24",6,0.0478298423666595,14,0.0555555555555556,0.86093716259987
"2018_kk_193_redo","Kusko",2018,193,583.8529975,757.2175928,0.708151301,0.000865365,2018-06-24,175,"2018-06-24",6,0.0478298423666595,14,0.0555555555555556,0.86093716259987
"2018_kk_193","Kusko",2018,193,509.9638781,681.1710533,0.708169188,0.000338946,2018-06-24,175,"2018-06-24",6,0.0478298423666595,14,0.0555555555555556,0.86093716259987
"2018_kk_194","Kusko",2018,194,553.0653465,672.6163963,0.705593194,0.000684448,2018-06-24,175,"2018-06-24",6,0.0478298423666595,14,0.0555555555555556,0.86093716259987
"2018_kk_196","Kusko",2018,196,558.5732367,693.2976393,0.706748068,0.00057546,2018-06-24,175,"2018-06-24",6,0.0478298423666595,14,0.0555555555555556,0.86093716259987
"2018_kk_197","Kusko",2018,197,523.4406971,679.1279207,0.705350526,0.000651236,2018-06-24,175,"2018-06-24",6,0.0478298423666595,14,0.0555555555555556,0.86093716259987
"2018_kk_199","Kusko",2018,199,460.1303529,768.0498744,0.709196662,0.000718904,2018-06-24,175,"2018-06-24",6,0.0478298423666595,14,0.0555555555555556,0.86093716259987
"2018_kk_201","Kusko",2018,201,409.0632783,649.9983365,0.709450897,0.000848113,2018-06-24,175,"2018-06-24",6,0.0478298423666595,14,0.0555555555555556,0.86093716259987
"2018_kk_203","Kusko",2018,203,610.8356616,747.1857767,0.706682377,0.000557304,2018-06-24,175,"2018-06-24",6,0.0478298423666595,14,0.0555555555555556,0.86093716259987
"2018_kk_204","Kusko",2018,204,757.2305484,923.0339438,0.707038923,0.000608969,2018-06-24,175,"2018-06-24",6,0.0478298423666595,14,0.0555555555555556,0.86093716259987
"2018_kk_205_redo","Kusko",2018,205,578.3484221,698.5493985,0.705855896,0.000917208,2018-06-24,175,"2018-06-24",6,0.0478298423666595,14,0.0555555555555556,0.86093716259987
"2018_kk_206","Kusko",2018,206,582.1621099,727.4706201,0.705098176,0.000786874,2018-06-24,175,"2018-06-24",6,0.0478298423666595,14,0.0555555555555556,0.86093716259987
"2018_kk_208","Kusko",2018,208,843.4440183,1089.991548,0.707768079,0.000876833,2018-06-25,176,"2018-06-25",6,0.07426658851837,18,0.0714285714285714,1.03973223925718
"2018_kk_211","Kusko",2018,211,570.8527227,688.895365,0.705967171,0.000677797,2018-06-25,176,"2018-06-25",6,0.07426658851837,18,0.0714285714285714,1.03973223925718
"2018_kk_212_redo","Kusko",2018,212,563.9465987,773.0221296,0.706975082,0.000821657,2018-06-25,176,"2018-06-25",6,0.07426658851837,18,0.0714285714285714,1.03973223925718
"2018_kk_213","Kusko",2018,213,966.7281265,1138.117758,0.705119827,0.000758251,2018-06-25,176,"2018-06-25",6,0.07426658851837,18,0.0714285714285714,1.03973223925718
"2018_kk_215","Kusko",2018,215,559.7895565,773.7484851,0.708156024,0.001443425,2018-06-25,176,"2018-06-25",6,0.07426658851837,18,0.0714285714285714,1.03973223925718
"2018_kk_216","Kusko",2018,216,430.5105346,644.6075138,0.707911718,0.001009977,2018-06-25,176,"2018-06-25",6,0.07426658851837,18,0.0714285714285714,1.03973223925718
"2018_kk_217","Kusko",2018,217,674.2526444,816.7351829,0.707700203,0.001069324,2018-06-25,176,"2018-06-25",6,0.07426658851837,18,0.0714285714285714,1.03973223925718
"2018_kk_222_redo","Kusko",2018,222,711.3746824,881.1056227,0.706271961,0.001143678,2018-06-25,176,"2018-06-25",6,0.07426658851837,18,0.0714285714285714,1.03973223925718
"2018_kk_223_redo","Kusko",2018,223,481.9725289,660.1815517,0.707687702,0.000897407,2018-06-25,176,"2018-06-25",6,0.07426658851837,18,0.0714285714285714,1.03973223925718
"2018_kk_225","Kusko",2018,225,460.6874766,630.399786,0.709021288,0.001246406,2018-06-25,176,"2018-06-25",6,0.07426658851837,18,0.0714285714285714,1.03973223925718
"2018_kk_230","Kusko",2018,230,658.4430577,778.3220097,0.707437677,0.000793821,2018-06-25,176,"2018-06-25",6,0.07426658851837,18,0.0714285714285714,1.03973223925718
"2018_kk_231_redo","Kusko",2018,231,352.1067412,655.8250657,0.70897145,0.000952539,2018-06-25,176,"2018-06-25",6,0.07426658851837,18,0.0714285714285714,1.03973223925718
"2018_kk_233","Kusko",2018,233,606.5646192,721.1117885,0.706598708,0.000887614,2018-06-25,176,"2018-06-25",6,0.07426658851837,18,0.0714285714285714,1.03973223925718
"2018_kk_234","Kusko",2018,234,564.2089475,746.7604613,0.705928239,0.00096681,2018-06-25,176,"2018-06-25",6,0.07426658851837,18,0.0714285714285714,1.03973223925718
"2018_kk_235","Kusko",2018,235,738.6617062,935.9426139,0.708977922,0.00091915,2018-06-25,176,"2018-06-25",6,0.07426658851837,18,0.0714285714285714,1.03973223925718
"2018_kk_236","Kusko",2018,236,1049.95145,1176.26463,0.705737335,0.000663566,2018-06-25,176,"2018-06-25",6,0.07426658851837,18,0.0714285714285714,1.03973223925718
"2018_kk_239","Kusko",2018,239,609.1630106,754.6966632,0.707035216,0.000566327,2018-06-25,176,"2018-06-25",6,0.07426658851837,18,0.0714285714285714,1.03973223925718
"2018_kk_240","Kusko",2018,240,620.9409322,800.9183952,0.70489105,0.000971443,2018-06-25,176,"2018-06-25",6,0.07426658851837,18,0.0714285714285714,1.03973223925718
"2018_kk_241","Kusko",2018,241,515.1642828,766.9042782,0.708420843,0.001224313,2018-06-26,177,"2018-06-26",6,0.0501897152728507,16,0.0634920634920635,0.790488015547398
"2018_kk_242","Kusko",2018,242,975.8952046,1139.267444,0.70903956,0.001378685,2018-06-26,177,"2018-06-26",6,0.0501897152728507,16,0.0634920634920635,0.790488015547398
"2018_kk_243","Kusko",2018,243,629.6184291,735.5003224,0.708081547,0.001300037,2018-06-26,177,"2018-06-26",6,0.0501897152728507,16,0.0634920634920635,0.790488015547398
"2018_kk_248_redo","Kusko",2018,248,965.2994157,1130.723944,0.708786504,0.00201888,2018-06-26,177,"2018-06-26",6,0.0501897152728507,16,0.0634920634920635,0.790488015547398
"2018_kk_249","Kusko",2018,249,527.6611946,657.4297485,0.705936043,0.000690879,2018-06-26,177,"2018-06-26",6,0.0501897152728507,16,0.0634920634920635,0.790488015547398
"2018_kk_252","Kusko",2018,252,564.0491375,850.9319532,0.70700221,0.000929377,2018-06-26,177,"2018-06-26",6,0.0501897152728507,16,0.0634920634920635,0.790488015547398
"2018_kk_253","Kusko",2018,253,672.4874755,844.6083196,0.706111454,0.000857029,2018-06-26,177,"2018-06-26",6,0.0501897152728507,16,0.0634920634920635,0.790488015547398
"2018_kk_254","Kusko",2018,254,1797.922674,1075.558101,NA,NA,2018-06-26,177,"2018-06-26",6,0.0501897152728507,16,0.0634920634920635,0.790488015547398
"2018_kk_255","Kusko",2018,255,562.1050463,710.4118302,0.709532437,0.002620864,2018-06-26,177,"2018-06-26",6,0.0501897152728507,16,0.0634920634920635,0.790488015547398
"2018_kk_257","Kusko",2018,257,759.6863353,959.8525483,0.705115353,0.001227042,2018-06-26,177,"2018-06-26",6,0.0501897152728507,16,0.0634920634920635,0.790488015547398
"2018_kk_258_redo","Kusko",2018,258,477.1419023,667.8667133,0.708700872,0.001845706,2018-06-26,177,"2018-06-26",6,0.0501897152728507,16,0.0634920634920635,0.790488015547398
"2018_kk_258","Kusko",2018,258,530.9239223,762.0542065,0.708559945,0.001183017,2018-06-26,177,"2018-06-26",6,0.0501897152728507,16,0.0634920634920635,0.790488015547398
"2018_kk_260","Kusko",2018,260,408.9705001,596.5497103,0.705936055,0.000895332,2018-06-26,177,"2018-06-26",6,0.0501897152728507,16,0.0634920634920635,0.790488015547398
"2018_kk_262_redo","Kusko",2018,262,520.9802742,699.6976368,0.708569644,0.001535175,2018-06-26,177,"2018-06-26",6,0.0501897152728507,16,0.0634920634920635,0.790488015547398
"2018_kk_263","Kusko",2018,263,572.1508139,696.2171405,0.706268652,0.000720694,2018-06-26,177,"2018-06-26",6,0.0501897152728507,16,0.0634920634920635,0.790488015547398
"2018_kk_266","Kusko",2018,266,586.747132,778.57802,0.70603556,0.000865412,2018-06-26,177,"2018-06-26",6,0.0501897152728507,16,0.0634920634920635,0.790488015547398
"2018_kk_267","Kusko",2018,267,578.689764,716.287513,0.706612047,0.000993375,2018-06-27,178,"2018-06-27",6,0.0293981552888916,6,0.0238095238095238,1.23472252213345
"2018_kk_269_redo","Kusko",2018,269,655.3458909,797.2357218,0.705979426,0.001100958,2018-06-27,178,"2018-06-27",6,0.0293981552888916,6,0.0238095238095238,1.23472252213345
"2018_kk_283","Kusko",2018,283,453.4566129,640.5692671,0.710121716,0.001800527,2018-06-27,178,"2018-06-27",6,0.0293981552888916,6,0.0238095238095238,1.23472252213345
"2018_kk_284","Kusko",2018,284,659.7407769,868.9551529,0.705580613,0.000849373,2018-06-27,178,"2018-06-27",6,0.0293981552888916,6,0.0238095238095238,1.23472252213345
"2018_kk_285","Kusko",2018,285,494.4921856,722.2617022,0.705854582,0.001003648,2018-06-27,178,"2018-06-27",6,0.0293981552888916,6,0.0238095238095238,1.23472252213345
"2018_kk_286","Kusko",2018,286,520.23684,710.2650843,0.706545008,0.001002619,2018-06-27,178,"2018-06-27",6,0.0293981552888916,6,0.0238095238095238,1.23472252213345
"2018_kk_274","Kusko",2018,274,492.9849932,719.2160205,0.704623107,0.001655086,2018-06-28,179,"2018-06-28",6,0.0433414566431193,9,0.0357142857142857,1.21356078600734
"2018_kk_276","Kusko",2018,276,752.9864345,920.0933568,0.705229458,0.001263424,2018-06-28,179,"2018-06-28",6,0.0433414566431193,9,0.0357142857142857,1.21356078600734
"2018_kk_279","Kusko",2018,279,526.5897383,716.1062081,0.708796172,0.001344497,2018-06-28,179,"2018-06-28",6,0.0433414566431193,9,0.0357142857142857,1.21356078600734
"2018_kk_281_redo","Kusko",2018,281,505.8056047,676.4247793,0.705931347,0.000959223,2018-06-28,179,"2018-06-28",6,0.0433414566431193,9,0.0357142857142857,1.21356078600734
"2018_kk_296","Kusko",2018,296,596.2704302,737.1700255,0.710735778,0.000616769,2018-06-28,179,"2018-06-28",6,0.0433414566431193,9,0.0357142857142857,1.21356078600734
"2018_kk_297","Kusko",2018,297,513.6732381,731.5268521,0.706612257,0.000780535,2018-06-28,179,"2018-06-28",6,0.0433414566431193,9,0.0357142857142857,1.21356078600734
"2018_kk_298","Kusko",2018,298,576.4380534,823.9890734,0.70782328,0.000944599,2018-06-28,179,"2018-06-28",6,0.0433414566431193,9,0.0357142857142857,1.21356078600734
"2018_kk_301","Kusko",2018,301,534.8645039,688.2947253,0.706277549,0.001052978,2018-06-28,179,"2018-06-28",6,0.0433414566431193,9,0.0357142857142857,1.21356078600734
"2018_kk_303","Kusko",2018,303,694.7900712,928.5225347,0.705193896,0.001260665,2018-06-28,179,"2018-06-28",6,0.0433414566431193,9,0.0357142857142857,1.21356078600734
"2018_kk_287","Kusko",2018,287,526.9316974,734.854332,0.707918692,0.001239046,2018-06-29,180,"2018-06-29",6,0.0426782243884382,12,0.0476190476190476,0.896242712157201
"2018_kk_288_redo","Kusko",2018,288,882.2709862,463.0945355,NA,NA,2018-06-29,180,"2018-06-29",6,0.0426782243884382,12,0.0476190476190476,0.896242712157201
"2018_kk_290","Kusko",2018,290,523.9477823,652.0679785,0.706097705,0.000860639,2018-06-29,180,"2018-06-29",6,0.0426782243884382,12,0.0476190476190476,0.896242712157201
"2018_kk_291","Kusko",2018,291,484.7685525,684.2315803,0.707880276,0.001117704,2018-06-29,180,"2018-06-29",6,0.0426782243884382,12,0.0476190476190476,0.896242712157201
"2018_kk_292","Kusko",2018,292,431.0257222,636.5409212,0.709476017,0.001021915,2018-06-29,180,"2018-06-29",6,0.0426782243884382,12,0.0476190476190476,0.896242712157201
"2018_kk_318","Kusko",2018,318,606.0169803,866.1439583,0.70919238,0.000805224,2018-06-29,180,"2018-06-29",6,0.0426782243884382,12,0.0476190476190476,0.896242712157201
"2018_kk_319","Kusko",2018,319,590.1263419,740.7611514,0.704979226,0.00114866,2018-06-29,180,"2018-06-29",6,0.0426782243884382,12,0.0476190476190476,0.896242712157201
"2018_kk_320_redo","Kusko",2018,320,643.4139301,885.8676999,0.709286286,0.000553567,2018-06-29,180,"2018-06-29",6,0.0426782243884382,12,0.0476190476190476,0.896242712157201
"2018_kk_324","Kusko",2018,324,551.7532683,641.8457513,0.705249353,0.00089259,2018-06-29,180,"2018-06-29",6,0.0426782243884382,12,0.0476190476190476,0.896242712157201
"2018_kk_325","Kusko",2018,325,476.3637637,603.072357,0.707968478,0.000562339,2018-06-29,180,"2018-06-29",6,0.0426782243884382,12,0.0476190476190476,0.896242712157201
"2018_kk_326","Kusko",2018,326,550.8678334,703.9138058,0.704616267,0.001620722,2018-06-29,180,"2018-06-29",6,0.0426782243884382,12,0.0476190476190476,0.896242712157201
"2018_kk_327","Kusko",2018,327,689.8428065,820.0417596,0.711304886,0.000726465,2018-06-29,180,"2018-06-29",6,0.0426782243884382,12,0.0476190476190476,0.896242712157201
"2018_kk_304","Kusko",2018,304,581.6481918,800.4088501,0.705930755,0.000869599,2018-06-30,181,"2018-06-30",6,0.0298608754665762,8,0.0317460317460317,0.94061757719715
"2018_kk_307","Kusko",2018,307,882.3290369,1086.245362,0.707957508,0.001094633,2018-06-30,181,"2018-06-30",6,0.0298608754665762,8,0.0317460317460317,0.94061757719715
"2018_kk_308","Kusko",2018,308,344.9638247,571.2757254,0.708494818,0.001394596,2018-06-30,181,"2018-06-30",6,0.0298608754665762,8,0.0317460317460317,0.94061757719715
"2018_kk_311","Kusko",2018,311,513.148549,719.0965068,0.705598114,0.000942417,2018-06-30,181,"2018-06-30",6,0.0298608754665762,8,0.0317460317460317,0.94061757719715
"2018_kk_314","Kusko",2018,314,581.2238634,770.719755,0.707701719,0.000746047,2018-06-30,181,"2018-06-30",6,0.0298608754665762,8,0.0317460317460317,0.94061757719715
"2018_kk_330","Kusko",2018,330,662.3531611,754.8228186,0.70540303,0.001640654,2018-06-30,181,"2018-06-30",6,0.0298608754665762,8,0.0317460317460317,0.94061757719715
"2018_kk_332","Kusko",2018,332,469.8960434,605.5788135,0.705942304,0.000769008,2018-06-30,181,"2018-06-30",6,0.0298608754665762,8,0.0317460317460317,0.94061757719715
"2018_kk_333","Kusko",2018,333,313.7052087,437.7962949,0.705998389,0.000679014,2018-06-30,181,"2018-06-30",6,0.0298608754665762,8,0.0317460317460317,0.94061757719715
"2018_kk_336","Kusko",2018,336,393.4829589,609.0352184,0.705820629,0.000865377,2018-07-01,182,"2018-07-01",7,0.0407656476540087,10,0.0396825396825397,1.02729432088102
"2018_kk_338","Kusko",2018,338,575.0726182,727.6483311,0.705977725,0.0007444,2018-07-01,182,"2018-07-01",7,0.0407656476540087,10,0.0396825396825397,1.02729432088102
"2018_kk_341","Kusko",2018,341,462.5784938,545.7237258,0.706172875,0.000777173,2018-07-01,182,"2018-07-01",7,0.0407656476540087,10,0.0396825396825397,1.02729432088102
"2018_kk_342","Kusko",2018,342,779.6635503,946.8907822,0.709157084,0.001129948,2018-07-01,182,"2018-07-01",7,0.0407656476540087,10,0.0396825396825397,1.02729432088102
"2018_kk_343","Kusko",2018,343,656.2495132,793.8921641,0.708775976,0.002060833,2018-07-01,182,"2018-07-01",7,0.0407656476540087,10,0.0396825396825397,1.02729432088102
"2018_kk_345_redo","Kusko",2018,345,978.28209,362.1863953,NA,NA,2018-07-01,182,"2018-07-01",7,0.0407656476540087,10,0.0396825396825397,1.02729432088102
"2018_kk_347_redo","Kusko",2018,347,494.5093698,648.5927614,0.708631572,0.001306239,2018-07-01,182,"2018-07-01",7,0.0407656476540087,10,0.0396825396825397,1.02729432088102
"2018_kk_348","Kusko",2018,348,641.9589612,735.1540069,0.704985366,0.0010136,2018-07-01,182,"2018-07-01",7,0.0407656476540087,10,0.0396825396825397,1.02729432088102
"2018_kk_349","Kusko",2018,349,529.4050677,681.7084546,0.70685053,0.000756992,2018-07-01,182,"2018-07-01",7,0.0407656476540087,10,0.0396825396825397,1.02729432088102
"2018_kk_354","Kusko",2018,354,526.3406646,753.8813533,0.705892769,0.000911495,2018-07-01,182,"2018-07-01",7,0.0407656476540087,10,0.0396825396825397,1.02729432088102
"2018_kk_356","Kusko",2018,356,712.2616031,371.5051617,NA,NA,2018-07-02,183,"2018-07-02",7,0.0232748249375328,2,0.00793650793650794,2.93262794212913
"2018_kk_358","Kusko",2018,358,359.9862357,486.3021395,0.707786587,0.001808277,2018-07-02,183,"2018-07-02",7,0.0232748249375328,2,0.00793650793650794,2.93262794212913
"2018_kk_359","Kusko",2018,359,595.9936527,752.8442321,0.704988902,0.000858364,2018-07-03,184,"2018-07-03",7,0.0361075978653176,3,0.0119047619047619,3.03303822068668
"2018_kk_361_redo","Kusko",2018,361,463.3226726,638.7514737,0.708406169,0.001524407,2018-07-03,184,"2018-07-03",7,0.0361075978653176,3,0.0119047619047619,3.03303822068668
"2018_kk_362","Kusko",2018,362,300.7861098,491.8846029,0.709083319,0.000973706,2018-07-03,184,"2018-07-03",7,0.0361075978653176,3,0.0119047619047619,3.03303822068668
"2018_kk_364","Kusko",2018,364,782.9234665,1031.239598,0.709941295,0.001538445,2018-07-04,185,"2018-07-04",7,0.019603911527902,8,0.0317460317460317,0.617523213128914
"2018_kk_366","Kusko",2018,366,490.6300407,648.9529364,0.704744237,0.001387692,2018-07-04,185,"2018-07-04",7,0.019603911527902,8,0.0317460317460317,0.617523213128914
"2018_kk_367","Kusko",2018,367,604.0966601,826.9470702,0.708553858,0.00097245,2018-07-04,185,"2018-07-04",7,0.019603911527902,8,0.0317460317460317,0.617523213128914
"2018_kk_368_redo","Kusko",2018,368,752.8703236,907.5428687,0.70569436,0.000721322,2018-07-04,185,"2018-07-04",7,0.019603911527902,8,0.0317460317460317,0.617523213128914
"2018_kk_369","Kusko",2018,369,482.3787912,608.1009898,0.706677047,0.000979908,2018-07-04,185,"2018-07-04",7,0.019603911527902,8,0.0317460317460317,0.617523213128914
"2018_kk_370","Kusko",2018,370,573.3892994,740.3151031,0.704937061,0.001565326,2018-07-04,185,"2018-07-04",7,0.019603911527902,8,0.0317460317460317,0.617523213128914
"2018_kk_373","Kusko",2018,373,894.0771147,1057.384466,0.70887864,0.001573842,2018-07-04,185,"2018-07-04",7,0.019603911527902,8,0.0317460317460317,0.617523213128914
"2018_kk_376","Kusko",2018,376,448.5212828,600.7025023,0.706623179,0.00102178,2018-07-04,185,"2018-07-04",7,0.019603911527902,8,0.0317460317460317,0.617523213128914
"2018_kk_379","Kusko",2018,379,729.0289766,855.2982045,0.705505976,0.000776865,2018-07-05,186,"2018-07-05",7,0.0361075978653176,9,0.0357142857142857,1.01101274022889
"2018_kk_382","Kusko",2018,382,613.3831086,812.4156594,0.705856477,0.000797006,2018-07-05,186,"2018-07-05",7,0.0361075978653176,9,0.0357142857142857,1.01101274022889
"2018_kk_384","Kusko",2018,384,539.7049184,708.2060075,0.7052394,0.001185834,2018-07-05,186,"2018-07-05",7,0.0361075978653176,9,0.0357142857142857,1.01101274022889
"2018_kk_386_redo","Kusko",2018,386,571.0960302,812.6852083,0.708000835,0.001367329,2018-07-05,186,"2018-07-05",7,0.0361075978653176,9,0.0357142857142857,1.01101274022889
"2018_kk_387","Kusko",2018,387,448.4665283,594.7747597,0.70627089,0.001503269,2018-07-05,186,"2018-07-05",7,0.0361075978653176,9,0.0357142857142857,1.01101274022889
"2018_kk_389","Kusko",2018,389,506.9346158,664.7417468,0.70567493,0.001190715,2018-07-05,186,"2018-07-05",7,0.0361075978653176,9,0.0357142857142857,1.01101274022889
"2018_kk_391","Kusko",2018,391,512.4339082,759.6810449,0.70762115,0.001196693,2018-07-05,186,"2018-07-05",7,0.0361075978653176,9,0.0357142857142857,1.01101274022889
"2018_kk_392","Kusko",2018,392,606.8050915,829.9447979,0.704844789,0.001124841,2018-07-05,186,"2018-07-05",7,0.0361075978653176,9,0.0357142857142857,1.01101274022889
"2018_kk_393","Kusko",2018,393,641.9358473,717.5925753,0.71063907,0.001225715,2018-07-05,186,"2018-07-05",7,0.0361075978653176,9,0.0357142857142857,1.01101274022889
"2018_kk_395","Kusko",2018,395,494.8534389,732.5899125,0.705100731,0.001048428,2018-07-06,187,"2018-07-06",7,0.012817348921862,7,0.0277777777777778,0.461424561187031
"2018_kk_398","Kusko",2018,398,572.4125191,818.6191007,0.707170997,0.00138346,2018-07-06,187,"2018-07-06",7,0.012817348921862,7,0.0277777777777778,0.461424561187031
"2018_kk_400","Kusko",2018,400,407.6441916,587.9997809,0.705950412,0.000546001,2018-07-06,187,"2018-07-06",7,0.012817348921862,7,0.0277777777777778,0.461424561187031
"2018_kk_401","Kusko",2018,401,640.7409001,724.2470074,0.70569774,0.000773069,2018-07-06,187,"2018-07-06",7,0.012817348921862,7,0.0277777777777778,0.461424561187031
"2018_kk_402","Kusko",2018,402,1030.581913,1160.273965,0.707894987,0.000985686,2018-07-06,187,"2018-07-06",7,0.012817348921862,7,0.0277777777777778,0.461424561187031
"2018_kk_405","Kusko",2018,405,484.6575943,675.7861454,0.709948201,0.001797468,2018-07-06,187,"2018-07-06",7,0.012817348921862,7,0.0277777777777778,0.461424561187031
"2018_kk_406","Kusko",2018,406,486.0498188,720.2073235,0.705818898,0.000955827,2018-07-06,187,"2018-07-06",7,0.012817348921862,7,0.0277777777777778,0.461424561187031
"2018_kk_408","Kusko",2018,408,438.4128011,601.6740674,0.705978737,0.000784445,2018-07-07,188,"2018-07-07",7,0.0104266280038252,3,0.0119047619047619,0.875836752321313
"2018_kk_409","Kusko",2018,409,424.7163186,633.9811396,0.707036852,0.000766894,2018-07-07,188,"2018-07-07",7,0.0104266280038252,3,0.0119047619047619,0.875836752321313
"2018_kk_411_redo","Kusko",2018,411,496.8744704,725.0388328,0.706764728,0.002269929,2018-07-07,188,"2018-07-07",7,0.0104266280038252,3,0.0119047619047619,0.875836752321313
"2018_kk_414","Kusko",2018,414,522.1470697,763.1286665,0.709054647,0.001964837,2018-07-08,189,"2018-07-08",7,0.00832896319832187,2,0.00793650793650794,1.04944936298856
"2018_kk_416","Kusko",2018,416,984.3544667,447.972446,NA,NA,2018-07-08,189,"2018-07-08",7,0.00832896319832187,2,0.00793650793650794,1.04944936298856
"2018_kk_419","Kusko",2018,419,528.1650605,761.1130712,0.708165943,0.001308498,2018-07-09,190,"2018-07-09",7,0.00575315420921122,2,0.00793650793650794,0.724897430360613
"2018_kk_421_redo","Kusko",2018,421,497.5803169,662.1571285,0.706374895,0.001367555,2018-07-09,190,"2018-07-09",7,0.00575315420921122,2,0.00793650793650794,0.724897430360613
"2018_kk_417_redo","Kusko",2018,417,698.9865971,788.1766233,0.705388678,0.000940184,2018-07-10,191,"2018-07-10",7,0.0193108554153685,3,0.0119047619047619,1.62211185489095
"2018_kk_417","Kusko",2018,417,588.935891,757.8411562,0.705690767,0.00115186,2018-07-10,191,"2018-07-10",7,0.0193108554153685,3,0.0119047619047619,1.62211185489095
"2018_kk_426","Kusko",2018,426,331.8282118,525.3211723,0.705802255,0.000719215,2018-07-10,191,"2018-07-10",7,0.0193108554153685,3,0.0119047619047619,1.62211185489095
"2018_kk_422","Kusko",2018,422,481.4452425,620.7368184,0.706023062,0.000896355,2018-07-11,192,"2018-07-11",7,0.00908473948853996,2,0.00793650793650794,1.14467717555604
"2018_kk_423","Kusko",2018,423,483.522912,658.02777,0.705266048,0.00144136,2018-07-11,192,"2018-07-11",7,0.00908473948853996,2,0.00793650793650794,1.14467717555604
NA,NA,NA,NA,NA,NA,NA,NA,NA,193,NA,NA,0.00379430545701329,NA,0,NA
"2018_kk_433","Kusko",2018,433,470.5445702,605.3407248,0.705649992,0.000724073,2018-07-13,194,"2018-07-13",7,0.00197427275812074,1,0.00396825396825397,0.497516735046426
"2018_kk_429","Kusko",2018,429,438.6357169,552.0616606,0.706654346,0.00096998,2018-07-14,195,"2018-07-14",7,0.00724928278372459,2,0.00793650793650794,0.913409630749298
"2018_kk_430","Kusko",2018,430,710.9029441,194.9216444,NA,NA,2018-07-14,195,"2018-07-14",7,0.00724928278372459,2,0.00793650793650794,0.913409630749298
"2018_kk_428","Kusko",2018,428,383.4653819,615.1611531,0.70835143,0.001838065,2018-07-15,196,"2018-07-15",7,0.0057377302032884,1,0.00396825396825397,1.44590801122868
"2018_kk_435","Kusko",2018,435,487.0533778,626.6633523,0.706688787,0.000856471,2018-07-16,197,"2018-07-16",7,0.00475059382422803,1,0.00396825396825397,1.19714964370546
"2018_kk_436","Kusko",2018,436,399.0350377,547.3451308,0.706187697,0.000943776,2018-07-17,198,"2018-07-17",7,0.00513619397229848,1,0.00396825396825397,1.29432088101922
"2018_kk_437","Kusko",2018,437,721.0655235,296.7950541,NA,NA,2018-07-18,199,"2018-07-18",7,0.00822099515686214,1,0.00396825396825397,2.07169077952926
"2018_kk_439","Kusko",2018,439,1157.166372,1274.696499,0.70519152,0.001626365,2018-07-22,203,"2018-07-22",7,NA,NA,NA,NA
"2018_kk_438","Kusko",2018,438,565.7952354,645.4724779,0.708478834,0.00145219,2018-07-23,204,"2018-07-23",7,NA,NA,NA,NA
